distance,alpha,order,pdet,eps,eps_err
3,0.0,2,0.1143355,0.0056418873661955,0.0001015668657711
3,0.0251,2,0.1341565,0.0063759374739602,0.0001127549105348
3,0.0503,2,0.1301305,0.0059841771783354,0.000106725893957
3,0.0754,2,0.1355549999999999,0.006217770454785,0.0001103039510583
3,0.1005,2,0.128095,0.0059787667352537,0.0001066435885006
3,0.1257,2,0.1344595,0.0067270747405767,0.0001182828516525
3,0.1508,2,0.1371669999999999,0.0063422354255289,0.0001122306916002
3,0.1759,2,0.145121,0.0067037974400974,0.0001179125550965
3,0.2011,2,0.135114,0.0068030998636566,0.0001194961872302
3,0.2262,2,0.1461295,0.0078693019156691,0.0001371979738394
3,0.2513,2,0.150831,0.0079194668072076,0.0001380648119158
5,0.0,3,0.11400025,0.0024797262775332,5.646699584578916e-05
5,0.0251,3,0.13269225,0.0031822455532132,6.641791002701845e-05
5,0.0503,3,0.13196725,0.002939066152234,6.29983338132369e-05
5,0.0754,3,0.1369365,0.0032384614638473,6.720637236591865e-05
5,0.1005,3,0.1302835,0.0029617853736856,6.331858775812146e-05
5,0.1257,3,0.13719275,0.0032936083125943,6.79793462703722e-05
5,0.1508,3,0.13829425,0.0030951121699842,6.51945279456412e-05
5,0.1759,3,0.1453984999999999,0.0033824721016286,6.922416300734842e-05
5,0.2011,3,0.1380905,0.0034524431591972,7.020391511522883e-05
5,0.2262,3,0.14850325,0.0039636406953181,7.736914070630339e-05
5,0.2513,3,0.15192375,0.0042406338730642,8.127219555991496e-05
7,0.0,4,0.112458,0.0012010409125177,3.678156530992093e-05
7,0.0251,4,0.1334133333333333,0.0020647368466236,5.041496267176079e-05
7,0.0503,4,0.1317678333333333,0.0018959022819133,4.7887473873371726e-05
7,0.0754,4,0.1351653333333333,0.0020183013704498,4.972435617491268e-05
7,0.1005,4,0.1299941666666666,0.0018959022819133,4.7887473873371726e-05
7,0.1257,4,0.1368356666666666,0.0020390489118576,5.003332203698037e-05
7,0.1508,4,0.1385485,0.0019805763149302,4.9160848875565926e-05
7,0.1759,4,0.1436206666666666,0.0020329422956335,4.994245230161516e-05
7,0.2011,4,0.1367761666666666,0.0022003640526977,5.241473526219465e-05
7,0.2262,4,0.1463481666666666,0.0023642820676917,5.48019405153961e-05
7,0.2513,4,0.1509423333333333,0.0025462885316335,5.742185098878788e-05
9,0.0,5,0.107930375,0.0006833916784944,2.703387931742308e-05
9,0.0251,5,0.133522125,0.0015280067892167,4.218359586427626e-05
9,0.0503,5,0.13092225,0.0013472193577765,3.924573774130453e-05
9,0.0754,5,0.1352465,0.0014010043678792,4.013125480522392e-05
9,0.1005,5,0.128641375,0.0013380927070558,3.9094421695726e-05
9,0.1257,5,0.134246875,0.0013552118969656,3.937799383889904e-05
9,0.1508,5,0.135775875,0.0014458513241774,4.08618919536481e-05
9,0.1759,5,0.141146375,0.0015524339769117,4.2572675528993934e-05
9,0.2011,5,0.134708875,0.0014608443441273,4.110466985765718e-05
9,0.2262,5,0.144642875,0.00170024198367,4.489290898450109e-05
9,0.2513,5,0.14812075,0.0017606851643334,4.582650418117399e-05
11,0.0,6,0.1052861,0.0005337227044684,2.3714227377434657e-05
11,0.0251,6,0.1312671,0.0011203565918066,3.538001865855789e-05
11,0.0503,6,0.1291253,0.0009828816948928,3.29096968027468e-05
11,0.0754,6,0.1333851999999999,0.0010602602171657,3.431389515979078e-05
11,0.1005,6,0.1283365,0.001031450941657,3.379544161625629e-05
11,0.1257,6,0.1334656,0.00114941888642,3.588860331276514e-05
11,0.1508,6,0.1329309,0.0010680305073016,3.4452887970421424e-05
11,0.1759,6,0.1381003,0.0011326420548402,3.559554612790021e-05
11,0.2011,6,0.133816,0.0011505383254593,3.590810654857632e-05
11,0.2262,6,0.1420391999999999,0.0012563190741138,3.772400380083688e-05
11,0.2513,6,0.1469908,0.0014608443441273,4.110466985765718e-05
13,0.0,7,0.1033241666666666,0.0004132587583807,2.07434537892396e-05
13,0.0251,7,0.1307108333333333,0.0009082727937165,3.151778947650856e-05
13,0.0503,7,0.1276058333333333,0.0007649854269369,2.871865375700849e-05
13,0.0754,7,0.1326768333333333,0.0007714549534674,2.884913963709234e-05
13,0.1005,7,0.1264963333333333,0.0007682196766922,2.8783939719118264e-05
13,0.1257,7,0.132324,0.0008363771828718,3.013604075328323e-05
13,0.1508,7,0.1322170833333333,0.0008331212264318,3.007243114752678e-05
13,0.1759,7,0.1366881666666666,0.0008309511668045,3.002998367947841e-05
13,0.2011,7,0.1336961666666666,0.0008744404365302,3.087286598477278e-05
13,0.2262,7,0.1404746666666666,0.0010447374028886,3.403516452281778e-05
13,0.2513,7,0.14620575,0.0010735843471797,3.4552019512609136e-05
15,0.0,8,0.1025054285714285,0.0003282237929245,1.84094061772162e-05
15,0.0251,8,0.1302732857142857,0.0006940904422972,2.725916598127369e-05
15,0.0503,8,0.1280014285714286,0.0006983730950335,2.7348957491007765e-05
15,0.0754,8,0.1323473571428571,0.0006812532730151,2.6988681447740016e-05
15,0.1005,8,0.1267339285714285,0.0006183713385028,2.563280866707356e-05
15,0.1257,8,0.1320573571428571,0.0006598938626117,2.653404879110664e-05
15,0.1508,8,0.1318197142857143,0.0006481652418761,2.628187950802072e-05
15,0.1759,8,0.1357441428571428,0.0006577603818393,2.6488314129446757e-05
15,0.2011,8,0.1327102857142857,0.0006695000573933,2.6739237862755326e-05
15,0.2262,8,0.1404160714285714,0.0007552888332087,2.8522272896393724e-05
15,0.2513,8,0.1444285714285714,0.0008103586228795,2.9625061376364825e-05
17,0.0,9,0.1017290625,0.0002326321348914,1.5426080109965483e-05
17,0.0251,9,0.1314560625,0.0005971431799201,2.516249647162833e-05
17,0.0503,9,0.128440625,0.0005347764852604,2.3738863312998423e-05
17,0.0754,9,0.1330411875,0.000572785333316,2.4614240969093805e-05
17,0.1005,9,0.1278024375,0.0005095157648344,2.3142506385638733e-05
17,0.1257,9,0.1323154375,0.0004937595438413,2.2764147537519813e-05
17,0.1508,9,0.1316729999999999,0.0005569310849715,2.425215981652293e-05
17,0.1759,9,0.1357182499999999,0.000572785333316,2.4614240969093805e-05
17,0.2011,9,0.1331139375,0.0006151842945646,2.556262812841516e-05
17,0.2262,9,0.1407114374999999,0.0006385791276645,2.607439643255941e-05
17,0.2513,9,0.1445944999999999,0.0007930497600934,2.928165496437533e-05
19,0.0,10,0.1010081666666666,0.0001785532941422,1.3478981109775842e-05
19,0.0251,10,0.1312704444444444,0.0004874638681163,2.2611526320196543e-05
19,0.0503,10,0.1286143333333333,0.0004111762749114,2.0689001764245903e-05
19,0.0754,10,0.1329017777777777,0.0004706943829929,2.2200808489367303e-05
19,0.1005,10,0.1270891111111111,0.0004236775608226,2.101408882210361e-05
19,0.1257,10,0.1322697222222222,0.0004215929484022,2.0960175603787133e-05
19,0.1508,10,0.1322391111111111,0.0004591813427303,2.1915167399137178e-05
19,0.1759,10,0.1360321666666666,0.0004487262131407,2.165307284768875e-05
19,0.2011,10,0.1320721111111111,0.0004560436778786,2.1836785331035542e-05
19,0.2262,10,0.1401606111111111,0.000520033458486,2.3392299297074628e-05
19,0.2513,10,0.1444012222222222,0.0006481652418761,2.628187950802072e-05
21,0.0,11,0.1015957,0.0001755007847412,1.336127653670134e-05
21,0.0251,11,0.12994725,0.0003530387562125,1.911591569699076e-05
21,0.0503,11,0.12776145,0.0003457948184802,1.8912051138838777e-05
21,0.0754,11,0.1315988,0.0003488987331082,1.899963659230789e-05
21,0.1005,11,0.1263158,0.0003271911454577,1.837949230399001e-05
21,0.1257,11,0.13104585,0.0003499335813126,1.90287597644658e-05
21,0.1508,11,0.1306238499999999,0.0003323554288314,1.85286684623866e-05
21,0.1759,11,0.13472365,0.0003623599585377,1.937549944588194e-05
21,0.2011,11,0.13160125,0.0003644324944935,1.9432809094623893e-05
21,0.2262,11,0.13861995,0.0004018103593998,2.0442588264652792e-05
21,0.2513,11,0.14265265,0.0004487262131407,2.165307284768875e-05
23,0.0,12,0.1008469999999999,0.0001237473947356,1.1191297068190065e-05
23,0.0251,12,0.1295168636363636,0.0002674758042572,1.6569277821134093e-05
23,0.0503,12,0.1265882272727272,0.0002510639539333,1.6040007325266586e-05
23,0.0754,12,0.1312843181818181,0.0002459406620308,1.587152509063284e-05
23,0.1005,12,0.124562,0.0002193409506601,1.4969191079778462e-05
23,0.1257,12,0.1303411818181818,0.0002193409506601,1.4969191079778462e-05
23,0.1508,12,0.1295473636363636,0.0002336552514414,1.5460738526816712e-05
23,0.1759,12,0.1331334545454545,0.0002808299066859,1.6988971743761986e-05
23,0.2011,12,0.1306864999999999,0.0002357017924865,1.5529854250753214e-05
23,0.2262,12,0.1375255,0.0003055296694025,1.774180983316406e-05
23,0.2513,12,0.1416088636363636,0.0003230616009888,1.82594376943626e-05
25,0.0,13,0.10097675,9.241727166464651e-05,9.65664917722436e-06
25,0.0251,13,0.1290254166666666,0.0002183192689095,1.4933541537390925e-05
25,0.0503,13,0.1260205416666666,0.0001765181863817,1.3400614585292236e-05
25,0.0754,13,0.1304148333333333,0.0001632998735525,1.2880798028992826e-05
25,0.1005,13,0.12408375,0.0001531435833718,1.2467635378241078e-05
25,0.1257,13,0.1293840416666666,0.0001673652226728,1.3042732907128307e-05
25,0.1508,13,0.1284325,0.0001572048860948,1.2634374260587236e-05
25,0.1759,13,0.1325596666666666,0.0001928104286972,1.4016536811533031e-05
25,0.2011,13,0.12994175,0.0001775356895085,1.3439849140179078e-05
25,0.2262,13,0.1368655,0.0002050467106636,1.4463102590557963e-05
25,0.2513,13,0.1409854583333333,0.0002438920656571,1.580370056433896e-05
27,0.0,14,0.1011617307692307,7.326238596305767e-05,8.58985298946392e-06
27,0.0251,14,0.1287511538461538,0.0001298224188046,1.1466101716903594e-05
27,0.0503,14,0.1260873076923077,0.000113630386969,1.0718786418666929e-05
27,0.0754,14,0.1299974615384615,0.0001399555052391,1.1911060165577498e-05
27,0.1005,14,0.1249281153846153,0.0001369145223108,1.1779200313100127e-05
27,0.1257,14,0.129460423076923,0.0001196993875816,1.1004560799577906e-05
27,0.1508,14,0.1287278076923076,0.0001450258254708,1.2127895588325782e-05
27,0.1759,14,0.1325373076923077,0.0001622837893759,1.2840025538553605e-05
27,0.2011,14,0.1297941923076923,0.0001196993875816,1.1004560799577906e-05
27,0.2262,14,0.1375835384615384,0.0001734662858374,1.328228625885774e-05
27,0.2513,14,0.1410592692307692,0.0001907724747308,1.3940876922905803e-05
29,0.0,15,0.1008580714285714,5.514876527112911e-05,7.446131051808756e-06
29,0.0251,15,0.1297394642857142,0.0001146416363786,1.0766906741093523e-05
29,0.0503,15,0.1267431071428571,0.0001004932582867,1.0073700845882592e-05
29,0.0754,15,0.1309043928571428,0.0001015032062682,1.0124691924143984e-05
29,0.1005,15,0.1251956785714285,7.426964176199258e-05,8.64912432009961e-06
29,0.1257,15,0.13037825,9.645446585743178e-05,9.867255665876894e-06
29,0.1508,15,0.1299333214285714,9.34264204480173e-05,9.709705660719892e-06
29,0.1759,15,0.1335539642857142,0.0001298224188046,1.1466101716903594e-05
29,0.2011,15,0.1307693214285714,0.0001227352423507,1.1144885711762886e-05
29,0.2262,15,0.1380362857142857,0.0001389417435359,1.1867256679428898e-05
29,0.2513,15,0.1419630714285714,0.0001755007847412,1.336127653670134e-05
31,0.0,16,0.1013652333333333,5.313812437734988e-05,7.308419289927559e-06
31,0.0251,16,0.1304573333333333,8.636447427518013e-05,9.332318298496418e-06
31,0.0503,16,0.1281352666666666,9.443566906131018e-05,9.762489317444711e-06
31,0.0754,16,0.1323606666666666,8.737302449796092e-05,9.38711138875656e-06
31,0.1005,16,0.1266192333333333,8.132321811887833e-05,9.053630062544848e-06
31,0.1257,16,0.1317358,9.241727166464651e-05,9.65664917722436e-06
31,0.1508,16,0.1306946666666666,9.645446585743178e-05,9.867255665876894e-06
31,0.1759,16,0.1349143,0.0001055439982917,1.0326285801246797e-05
31,0.2011,16,0.1322955333333333,8.838167443103728e-05,9.441602505497343e-06
31,0.2262,16,0.1397038333333333,0.0001065544464218,1.0376108961176482e-05
31,0.2513,16,0.1435297999999999,0.0001257720008192,1.1283587865828211e-05
33,0.0,17,0.1019091249999999,4.208667635280383e-05,6.500690311126255e-06
33,0.0251,17,0.1310645625,6.520791746045251e-05,8.100751063250908e-06
33,0.0503,17,0.1286121875,8.838167443103728e-05,9.441602505497343e-06
33,0.0754,17,0.133127625,8.434767288084677e-05,9.221804610896892e-06
33,0.1005,17,0.12716884375,5.2132952495231866e-05,7.238611904133869e-06
33,0.1257,17,0.13292925,8.132321811887833e-05,9.053630062544848e-06
33,0.1508,17,0.13236453125,7.326238596305767e-05,8.58985298946392e-06
33,0.1759,17,0.1361836874999999,8.737302449796092e-05,9.38711138875656e-06
33,0.2011,17,0.13335021875,7.527699701281865e-05,8.708009492155157e-06
33,0.2262,17,0.1410039375,0.0001146416363786,1.0766906741093523e-05
33,0.2513,17,0.14514065625,0.0001267844545579,1.132947165088562e-05
35,0.0,18,0.1020884411764705,3.004418751362259e-05,5.489255008616352e-06
35,0.0251,18,0.1308651764705882,5.01229057618402e-05,7.097000490042406e-06
35,0.0503,18,0.1285939411764705,5.01229057618402e-05,7.097000490042406e-06
35,0.0754,18,0.132568,5.01229057618402e-05,7.097000490042406e-06
35,0.1005,18,0.1270097058823529,4.7108577943655305e-05,6.879281932339069e-06
35,0.1257,18,0.1317479117647058,5.9171236128918725e-05,7.714415074834564e-06
35,0.1508,18,0.1320789117647058,7.024121507920311e-05,8.409640059815438e-06
35,0.1759,18,0.1363391764705882,7.326238596305767e-05,8.58985298946392e-06
35,0.2011,18,0.1333065882352941,5.9171236128918725e-05,7.714415074834564e-06
35,0.2262,18,0.1405751470588235,8.838167443103728e-05,9.441602505497343e-06
35,0.2513,18,0.1450582647058823,0.0001186876367201,1.095741443495954e-05
37,0.0,19,0.1031909166666666,2.8038487141168744e-05,5.302347321796524e-06
37,0.0251,19,0.1306195277777778,4.7108577943655305e-05,6.879281932339069e-06
37,0.0503,19,0.1284044999999999,4.007860759475124e-05,6.34309352213174e-06
37,0.0754,19,0.1322856666666667,4.7108577943655305e-05,6.879281932339069e-06
37,0.1005,19,0.1267807222222222,4.409514039127593e-05,6.654645082697596e-06
37,0.1257,19,0.1319632777777777,4.007860759475124e-05,6.34309352213174e-06
37,0.1508,19,0.1322265833333333,4.7108577943655305e-05,6.879281932339069e-06
37,0.1759,19,0.1362082499999999,6.822759805258372e-05,8.287411832655566e-06
37,0.2011,19,0.1327933055555555,7.124817264148042e-05,8.470119344826751e-06
37,0.2262,19,0.1404353888888889,6.923435688954704e-05,8.348740645444482e-06
37,0.2513,19,0.1445581666666666,0.0001025132542396,1.0175442414091352e-05
39,0.0,20,0.1040837368421052,1.7014176908802803e-05,4.128230682504938e-06
39,0.0251,20,0.1310274736842105,4.208667635280383e-05,6.500690311126255e-06
39,0.0503,20,0.1286413947368421,3.807093395996608e-05,6.181576090589533e-06
39,0.0754,20,0.1326395789473684,4.1082592573571386e-05,6.42236378517022e-06
39,0.1005,20,0.1265971052631579,3.807093395996608e-05,6.181576090589533e-06
39,0.1257,20,0.1324514210526315,3.807093395996608e-05,6.181576090589533e-06
39,0.1508,20,0.1323887105263158,3.506016402032852e-05,5.931245832657248e-06
39,0.1759,20,0.1368808157894737,5.4143395296080143e-05,7.377586388872859e-06
39,0.2011,20,0.1337631315789473,5.01229057618402e-05,7.097000490042406e-06
39,0.2262,20,0.1412930526315789,6.218913033051443e-05,7.909856965426745e-06
39,0.2513,20,0.1451077368421052,7.729200594946972e-05,8.824652258119436e-06
41,0.0,21,0.1061001249999999,1.501103592693731e-05,3.8772303191370485e-06
41,0.0251,21,0.13190695,3.004418751362259e-05,5.489255008616352e-06
41,0.0503,21,0.129858875,2.7035784783135952e-05,5.206420395939719e-06
41,0.0754,21,0.1340966499999999,4.1082592573571386e-05,6.42236378517022e-06
41,0.1005,21,0.128425375,3.706724526469918e-05,6.099250070339955e-06
41,0.1257,21,0.133796475,3.506016402032852e-05,5.931245832657248e-06
41,0.1508,21,0.1345269,3.706724526469918e-05,6.099250070339955e-06
41,0.1759,21,0.139442175,5.112787962996413e-05,7.168145516857166e-06
41,0.2011,21,0.134917575,4.309085895215503e-05,6.578106820694751e-06
41,0.2262,21,0.143216,5.4143395296080143e-05,7.377586388872859e-06
41,0.2513,21,0.147011525,6.722093854866218e-05,8.225644009671293e-06
43,0.0,22,0.1097163333333333,1.3008288111959754e-05,3.60897717754199e-06
43,0.0251,22,0.1334653333333333,3.1047185567179e-05,5.580401457817273e-06
43,0.0503,22,0.1314964047619047,2.6033180951123835e-05,5.108721433996262e-06
43,0.0754,22,0.1358803809523809,1.6012557262301552e-05,4.004679117251934e-06
43,0.1005,22,0.1296590238095238,3.3053477506761464e-05,5.758444851687523e-06
43,0.1257,22,0.1355257619047619,3.004418751362259e-05,5.489255008616352e-06
43,0.1508,22,0.136993,2.7035784783135952e-05,5.206420395939719e-06
43,0.1759,22,0.1419724523809523,5.112787962996413e-05,7.168145516857166e-06
43,0.2011,22,0.1366434999999999,2.9041288044817648e-05,5.39659671942611e-06
43,0.2262,22,0.1453853333333333,4.409514039127593e-05,6.654645082697596e-06
43,0.2513,22,0.1495831904761905,6.017710168149115e-05,7.780088686978983e-06
45,0.0,23,0.1146716590909091,7.002402109823613e-06,2.647104190253785e-06
45,0.0251,23,0.1337468636363636,2.102163899703191e-05,4.589614836677623e-06
45,0.0503,23,0.13192975,1.4009612883336686e-05,3.745486456828241e-06
45,0.0754,23,0.1368001136363636,1.4009612883336686e-05,3.745486456828241e-06
45,0.1005,23,0.1297603409090909,1.80158948860365e-05,4.248225073050457e-06
45,0.1257,23,0.1366456590909091,1.80158948860365e-05,4.248225073050457e-06
45,0.1508,23,0.1385984545454545,1.9017711213431543e-05,4.364955676563521e-06
45,0.1759,23,0.1452773409090909,3.2050282224971305e-05,5.670108985856407e-06
45,0.2011,23,0.1378230909090909,3.004418751362259e-05,5.489255008616352e-06
45,0.2262,23,0.1473879090909091,3.405677143197838e-05,5.845471250706947e-06
45,0.2513,23,0.151573159090909,4.007860759475124e-05,6.34309352213174e-06
47,0.0,24,0.1141840869565217,4.000784207036645e-06,2.000584222151316e-06
47,0.0251,24,0.1326605652173913,1.100593330799482e-05,3.319290827981273e-06
47,0.0503,24,0.1309946956521739,4.000784207036645e-06,2.000584222151316e-06
47,0.0754,24,0.1357059782608695,8.003137656809045e-06,2.830080183360073e-06
47,0.1005,24,0.1286863913043478,1.3008288111959754e-05,3.60897717754199e-06
47,0.1257,24,0.1358391304347826,9.003971359167195e-06,3.001972687792832e-06
47,0.1508,24,0.1384059782608696,1.3008288111959754e-05,3.60897717754199e-06
47,0.1759,24,0.1449468260869565,1.4009612883336686e-05,3.745486456828241e-06
47,0.2011,24,0.1367401304347826,9.003971359167195e-06,3.001972687792832e-06
47,0.2262,24,0.1472183043478261,2.102163899703191e-05,4.589614836677623e-06
47,0.2513,24,0.151069804347826,2.102163899703191e-05,4.589614836677623e-06
49,0.0,25,0.1123656875,1.00004900321915e-06,1.000073006940128e-06
49,0.0251,25,0.1302586875,4.000784207036645e-06,2.000584222151316e-06
49,0.0503,25,0.1287702916666666,4.000784207036645e-06,2.000584222151316e-06
49,0.0754,25,0.133390125,2.0001960258642093e-06,1.4144200768165897e-06
49,0.1005,25,0.1266628541666666,5.001225404421827e-06,2.2368845304322245e-06
49,0.1257,25,0.1340359791666666,4.000784207036645e-06,2.000584222151316e-06
49,0.1508,25,0.1358325625,5.001225404421827e-06,2.2368845304322245e-06
49,0.1759,25,0.1424132083333333,2.0001960258642093e-06,1.4144200768165897e-06
49,0.2011,25,0.1350852708333333,3.0004410873640808e-06,1.732430234903677e-06
49,0.2262,25,0.1448812708333333,6.001764698837508e-06,2.450563231588257e-06
49,0.2513,25,0.149141,1.000490323638248e-05,3.1645883194838822e-06
3,0.3142,2,0.15070399999999998,0.009741520854003816,0.00017198242169200648
3,0.5969,2,0.2136805,0.02480988534502715,0.0008534350656902658
3,0.8796,2,0.301882,0.04271815312995125,0.0056230558748122635
3,1.1624,2,0.38548399999999994,0.5,0.0
3,1.4451,2,0.45586000000000004,0.5,0.0
3,1.7279,2,0.4772655,0.5,0.0
3,2.0106,2,0.4508395,0.5,0.0
3,2.2934,2,0.38446800000000003,0.06645737375868782,0.07664020821229421
3,2.5761,2,0.3076795,0.5,0.0
3,2.8588,2,0.225903,0.02065608308616579,0.0005547312623421307
3,3.1416,2,0.17340549999999996,0.008675344239232052,0.00015153706721056912
5,0.3142,3,0.15200575,0.004970687596581924,9.170394260889879e-05
5,0.5969,3,0.215903,0.014191654322904812,0.00028162988761671893
5,0.8796,3,0.30327925,0.04217742790806406,0.005306645122370942
5,1.1624,3,0.385927,0.06451820502196065,0.061586395269238335
5,1.4451,3,0.45646325,0.5,0.0
5,1.7279,3,0.47724524999999995,0.5,0.0
5,2.0106,3,0.45171474999999994,0.5,0.0
5,2.2934,3,0.38659299999999996,0.5,0.0
5,2.5761,3,0.31018625,0.03277873347103183,0.001959570745433754
5,2.8588,3,0.22683574999999997,0.012382724349595697,0.00023157451677520966
5,3.1416,3,0.175639,0.0050410914216733604,9.272453787272505e-05
7,0.3142,4,0.1533175,0.003204146399283736,6.672515059671614e-05
7,0.5969,4,0.21479699999999996,0.010074812730741345,0.00017875736619021466
7,0.8796,4,0.30280316666666673,0.03398935366871508,0.0022255060856937723
7,1.1624,4,0.38705350000000005,0.5,0.0
7,1.4451,4,0.4563248333333333,0.5,0.0
7,1.7279,4,0.4776385,0.05987201577136081,0.03661376853275806
7,2.0106,4,0.4510686666666666,0.04098138277305485,0.004669695249386727
7,2.2934,4,0.38578,0.04485389326284761,0.007073045551029107
7,2.5761,4,0.3084481666666667,0.024523590235402126,0.000828456276297286
7,2.8588,4,0.22828966666666667,0.009079458978664356,0.0001590764364940688
7,3.1416,4,0.17530500000000002,0.003459466910037512,7.030225222122164e-05
9,0.3142,5,0.14995075000000002,0.0023290231904326553,5.429088777930979e-05
9,0.5969,5,0.21341274999999998,0.0074100225395978825,0.00012940880927523788
9,0.8796,5,0.30253162499999997,0.02599309411505457,0.0009649861332375059
9,1.1624,5,0.386395375,0.05399442933960813,0.019113445227103218
9,1.4451,5,0.456044125,0.5,0.0
9,1.7279,5,0.477344875,0.05297270775082269,0.017086154921087678
9,2.0106,5,0.45116025000000004,0.5,0.0
9,2.2934,5,0.385044375,0.5,0.0
9,2.5761,5,0.30807225,0.021133870165820745,0.0005829242157890421
9,2.8588,5,0.225728875,0.007002697124818824,0.00012271090226368339
9,3.1416,5,0.17414049999999998,0.0026807368273791266,5.934066762029308e-05
11,0.3142,6,0.1476229,0.0016542619242134182,4.4177056287070105e-05
11,0.5969,6,0.2111023,0.005720663675177151,0.00010274577388274972
11,0.8796,6,0.30132709999999996,0.021928895783995317,0.0006330237116002706
11,1.1624,6,0.3856703,0.04271815312995125,0.0056230558748122635
11,1.4451,6,0.45608930000000003,0.5,0.0
11,1.7279,6,0.4772999,0.5,0.0
11,2.0106,6,0.4506179,0.5,0.0
11,2.2934,6,0.38431930000000003,0.06451820502196065,0.061586395269238335
11,2.5761,6,0.3062235,0.018182618338783207,0.0004289058528278496
11,2.8588,6,0.2250139,0.005966153647816552,0.00010645181170743641
11,3.1416,6,0.17229049999999996,0.0020353845018086236,4.997880040789627e-05
13,0.3142,7,0.14614908333333332,0.0012993954938584906,3.844926886732608e-05
13,0.5969,7,0.21038833333333334,0.004701818465470964,8.783223018775295e-05
13,0.8796,7,0.30160033333333336,0.019925324240294306,0.0005141988790449634
13,1.1624,7,0.3862420833333333,0.05545762547011157,0.022452692524560898
13,1.4451,7,0.45611624999999995,0.04625495404386065,0.008226575349629717
13,1.7279,7,0.4776275,0.06451820502196065,0.061586395269238335
13,2.0106,7,0.4502586666666667,0.5,0.0
13,2.2934,7,0.38450624999999994,0.045690763817548774,0.007740580148935182
13,2.5761,7,0.30561024999999997,0.015598943645301733,0.000327071954444013
13,2.8588,7,0.22358475,0.004983748885593164,9.189305963600494e-05
13,3.1416,7,0.17097725,0.0016860721184512872,4.4672839292300225e-05
15,0.3142,8,0.1453637857142857,0.001117008582262935,3.532114551600087e-05
15,0.5969,8,0.21000621428571425,0.004136434357916718,7.980133764697508e-05
15,0.8796,8,0.300617,0.01807875960615879,0.000424283261615797
15,1.1624,8,0.38619528571428574,0.055780847085690255,0.023267350401796758
15,1.4451,8,0.4561725,0.5,0.0
15,1.7279,8,0.47754707142857145,0.05273421546912216,0.016645388726070933
15,2.0106,8,0.45077185714285717,0.03968788637215903,0.004068101895565345
15,2.2934,8,0.3832310714285715,0.03896815307719731,0.0037682076019553328
15,2.5761,8,0.30537778571428575,0.014183458414470773,0.00028138303460593553
15,2.8588,8,0.22296464285714288,0.004474032771229264,8.45808355298249e-05
15,3.1416,8,0.1697105,0.0014747036923831724,4.132845079673347e-05
17,0.3142,9,0.14548937499999998,0.0009126464560966774,3.1600507940088796e-05
17,0.5969,9,0.20986624999999998,0.0035824660643090644,7.202429275930317e-05
17,0.8796,9,0.30065975,0.01646264583356577,0.00035823849318558746
17,1.1624,9,0.38529125,0.04320795268837907,0.0059262672626856664
17,1.4451,9,0.45628437499999996,0.04893558732806408,0.010998115177802623
17,1.7279,9,0.477314625,0.04818898431458524,0.010141977552049437
17,2.0106,9,0.4507736875,0.5,0.0
17,2.2934,9,0.383200375,0.5,0.0
17,2.5761,9,0.30536474999999996,0.01371150894981965,0.00026749201957804056
17,2.8588,9,0.22345849999999998,0.004110925916784636,7.944177762187634e-05
17,3.1416,9,0.1694431875,0.0012089194375252132,3.691672994455704e-05
19,0.3142,10,0.14457705555555556,0.0007520586849545374,2.8456636014057352e-05
19,0.5969,10,0.20929694444444447,0.0031046059980315843,6.532791166381121e-05
19,0.8796,10,0.29987433333333335,0.01458044817408466,0.0002935677724633037
19,1.1624,10,0.3853848888888889,0.04202851502558469,0.005222739439409338
19,1.4451,10,0.4559252777777778,0.5,0.0
19,1.7279,10,0.47727316666666675,0.07487912648611023,0.20040389263892627
19,2.0106,10,0.450518,0.04354939156327958,0.0061474576743689
19,2.2934,10,0.3845347777777778,0.039293506254531485,0.003900877315951936
19,2.5761,10,0.30530111111111113,0.012334999850832862,0.00023036613263708645
19,2.8588,10,0.22397083333333334,0.003732929980807431,7.413181876268386e-05
19,3.1416,10,0.16929022222222223,0.0009983104339517657,3.3192714853710125e-05
21,0.3142,11,0.14415765000000003,0.0006375145602635635,2.605127685471019e-05
21,0.5969,11,0.20796625000000002,0.0027578096838790644,6.0435475972829706e-05
21,0.8796,11,0.29876415,0.013789936677478354,0.0002697569873801777
21,1.1624,11,0.3846209500000001,0.044178793983971065,0.006577526283263003
21,1.4451,11,0.4556329,0.5,0.0
21,1.7279,11,0.47713190000000005,0.04059325799087676,0.004480213392906299
21,2.0106,11,0.4509967,0.5,0.0
21,2.2934,11,0.38390785,0.03508975212904364,0.0024990682566481104
21,2.5761,11,0.30468925,0.01159149568611606,0.0002122130829714832
21,2.8588,11,0.2228078,0.0031685815085286673,6.622617342167322e-05
21,3.1416,11,0.16765105,0.0007952117604017594,2.9324705093296296e-05
23,0.3142,12,0.14289477272727272,0.00044454716162473096,2.15475690891294e-05
23,0.5969,12,0.20700509090909092,0.0024516961582294328,5.606381050197909e-05
23,0.8796,12,0.2978756818181818,0.012698641585190962,0.00023971069213551518
23,1.1624,12,0.3835827727272727,0.03820081585262425,0.0034732300337502963
23,1.4451,12,0.4552763636363636,0.048781347152218935,0.010815397150607203
23,1.7279,12,0.4773882727272728,0.040281660338287506,0.004333778439777615
23,2.0106,12,0.4511089090909091,0.0428785788691014,0.0057205844105425304
23,2.2934,12,0.38407790909090905,0.04320795268837907,0.0059262672626856664
23,2.5761,12,0.304392,0.010563761675075778,0.00018905609303001254
23,2.8588,12,0.22093104545454542,0.002678134417294309,5.930363980035322e-05
23,3.1416,12,0.16628513636363634,0.0005791339442122734,2.4758056002831383e-05
25,0.3142,13,0.14157641666666668,0.0003158389196603606,1.8047774225194672e-05
25,0.5969,13,0.2064119583333333,0.0020122072046144246,4.963347811944281e-05
25,0.8796,13,0.297277875,0.011629441181398026,0.0002131098416948465
25,1.1624,13,0.38345675,0.06543489058769203,0.06828529139611814
25,1.4451,13,0.455437875,0.04505614379684647,0.007228789771724876
25,1.7279,13,0.47760366666666665,0.5,0.0
25,2.0106,13,0.45124274999999997,0.5,0.0
25,2.2934,13,0.38354991666666666,0.03505446344213631,0.002489784495363888
25,2.5761,13,0.3037660833333333,0.010428021793777387,0.00018615282093044269
25,2.8588,13,0.22063679166666667,0.0022888766434610575,5.370743024638545e-05
25,3.1416,13,0.165449,0.0003789520534730473,1.983029325918347e-05
27,0.3142,14,0.14205107692307692,0.00027158289673873126,1.669936258072654e-05
27,0.5969,14,0.2063748846153846,0.0018023746554090558,4.646581915381299e-05
27,0.8796,14,0.2975264615384615,0.011379157528424555,0.00020725166330880424
27,1.1624,14,0.3839110384615385,0.06451820502196065,0.061586395269238335
27,1.4451,14,0.45531688461538466,0.05484379697126984,0.020984770224488702
27,1.7279,14,0.477528576923077,0.044558541685506714,0.0068517343683490075
27,2.0106,14,0.45090080769230767,0.5,0.0
27,2.2934,14,0.38385896153846155,0.03744582239502364,0.0032059522623698725
27,2.5761,14,0.30419303846153845,0.009521062863288687,0.00016760539058989632
27,2.8588,14,0.22060903846153845,0.0017880618509835688,4.6246738789266225e-05
27,3.1416,14,0.1660224615384615,0.0002674758042572889,1.6569277821134093e-05
29,0.3142,15,0.14280349999999997,0.00020504671066362556,1.4463102590557963e-05
29,0.5969,15,0.20707535714285713,0.0015699179506651895,4.285012488011164e-05
29,0.8796,15,0.298177,0.010475885680787389,0.0001871726144459113
29,1.1624,15,0.38374775000000005,0.039238493076229675,0.0038781143433848143
29,1.4451,15,0.4555926785714285,0.06040534422955485,0.038854995524090094
29,1.7279,15,0.47742103571428574,0.06222710202680376,0.04762337280073972
29,2.0106,15,0.4513188214285714,0.06451820502196065,0.061586395269238335
29,2.2934,15,0.3841792500000001,0.03398935366871508,0.0022255060856937723
29,2.5761,15,0.30409978571428575,0.008675344239232052,0.00015153706721056912
29,2.8588,15,0.22192378571428567,0.0014539217432899543,4.0992664295605825e-05
29,3.1416,15,0.16703592857142857,0.00022445089508993377,1.514633797392081e-05
31,0.3142,16,0.1447560333333333,0.0002009663187834687,1.4315618651064282e-05
31,0.5969,16,0.20873240000000004,0.0013803722510730698,3.9792798801964503e-05
31,0.8796,16,0.2996452,0.010164687152229401,0.00018061770931138238
31,1.1624,16,0.38492163333333335,0.039516835892997204,0.0039946933659667765
31,1.4451,16,0.45571759999999994,0.5,0.0
31,1.7279,16,0.4772975666666667,0.5,0.0
31,2.0106,16,0.4507030666666667,0.045690763817548774,0.007740580148935182
31,2.2934,16,0.3839724,0.03762898188190694,0.003268802866587425
31,2.5761,16,0.30486270000000004,0.00833462988257977,0.00014536663214197583
31,2.8588,16,0.22319743333333336,0.001292581821572547,3.8335058434072723e-05
31,3.1416,16,0.1686457,0.0001785532941422363,1.3478981109775842e-05
33,0.3142,17,0.1453734375,0.00016431605895023127,1.2921453917449811e-05
33,0.5969,17,0.20959165624999998,0.001331253086345241,3.898081627600784e-05
33,0.8796,17,0.3001526875,0.009689209752695438,0.00017093643790713105
33,1.1624,17,0.38529509375000004,0.03534051831626983,0.0025660639764586244
33,1.4451,17,0.456068625,0.04991963065846183,0.012240406861740771
33,1.7279,17,0.47723771875000004,0.5,0.0
33,2.0106,17,0.45073762500000003,0.04613933391887226,0.008124504809790494
33,2.2934,17,0.3838068125,0.034148107513297,0.002263007079603168
33,2.5761,17,0.30539440625000003,0.007333412943121731,0.00012813448133477262
33,2.8588,17,0.2234401875,0.0010913770194707073,3.4868423534128056e-05
33,3.1416,17,0.16928190625,0.00013488770385933213,1.1690533426752171e-05
35,0.3142,18,0.14540308823529413,0.00015720488609483052,1.2634374260587236e-05
35,0.5969,18,0.21028682352941175,0.0012055421801266397,3.685882466655144e-05
35,0.8796,18,0.3008826764705882,0.009255269538584687,0.00016243465844212584
35,1.1624,18,0.3857847058823529,0.03666291311238079,0.002950883350232381
35,1.4451,18,0.45616500000000004,0.5,0.0
35,1.7279,18,0.47735102941176466,0.5,0.0
35,2.0106,18,0.4506576764705882,0.05027254168738149,0.012720054414684477
35,2.2934,18,0.38350182352941176,0.031557134609110304,0.0017239313574937127
35,2.5761,18,0.3047477647058824,0.006767939982322779,0.00011893429701729162
35,2.8588,18,0.22307079411764708,0.0009916952547814328,3.307156123069633e-05
35,3.1416,18,0.16932529411764705,0.00012982241880460377,1.1466101716903594e-05
37,0.3142,19,0.14608169444444447,0.0001196993875816621,1.1004560799577906e-05
37,0.5969,19,0.210654,0.0011707093056429474,3.6258458674489805e-05
37,0.8796,19,0.30108719444444443,0.008972034401261375,0.00015704815299174752
37,1.1624,19,0.3860312222222223,0.04104766255219178,0.004702860970923382
37,1.4451,19,0.4563126666666667,0.06040534422955485,0.038854995524090094
37,1.7279,19,0.4774375277777778,0.5,0.0
37,2.0106,19,0.4505928055555555,0.5,0.0
37,2.2934,19,0.38373158333333335,0.03427704726574071,0.0022939386968842393
37,2.5761,19,0.3047534444444444,0.006118562332979471,0.00010877839423651241
37,2.8588,19,0.2230778611111111,0.0008472378930909907,3.03475454625826e-05
37,3.1416,19,0.17031386111111113,0.00011767598618916963,1.0910078359642179e-05
39,0.3142,20,0.14708789473684208,0.00010958639143121562,1.0524250144272776e-05
39,0.5969,20,0.2113441052631579,0.0010913770194707073,3.4868423534128056e-05
39,0.8796,20,0.3015072894736842,0.00849311686749421,0.00014821631480042334
39,1.1624,20,0.38611810526315793,0.040785311275284786,0.0045729729735193
39,1.4451,20,0.45619397368421055,0.5,0.0
39,1.7279,20,0.47745252631578944,0.5,0.0
39,2.0106,20,0.45064894736842104,0.048333543792842604,0.010302266953061608
39,2.2934,20,0.3844461052631579,0.032161396738767334,0.0018366522960507892
39,2.5761,20,0.3056847631578947,0.005933792263418225,0.00010596039257311972
39,2.8588,20,0.22388428947368422,0.0006940904422972904,2.725916598127369e-05
39,3.1416,20,0.17134218421052633,7.930741293188381e-05,8.939840592644802e-06
41,0.3142,21,0.14821782500000003,8.233127008883123e-05,9.110016645502465e-06
41,0.5969,21,0.212601525,0.001001619635650819,3.325321404150463e-05
41,0.8796,21,0.30182695000000004,0.0084838605294979,0.00014804890691905414
41,1.1624,21,0.386111975,0.04138628622261359,0.004876092991876784
41,1.4451,21,0.455927725,0.04749833391627312,0.009410576437162888
41,1.7279,21,0.477562075,0.5,0.0
41,2.0106,21,0.450860125,0.06040534422955485,0.038854995524090094
41,2.2934,21,0.38487925,0.028799059173544472,0.001292222277393132
41,2.5761,21,0.3071532,0.005740014037337315,0.00010303610742409988
41,2.8588,21,0.22492622500000004,0.0006194339079966804,2.565617404532707e-05
41,3.1416,21,0.17297202499999997,8.233127008883123e-05,9.110016645502465e-06
43,0.3142,22,0.1506897619047619,6.319529346654473e-05,7.973977342388619e-06
43,0.5969,22,0.21430011904761906,0.0009356390467503695,3.203299568409051e-05
43,0.8796,22,0.30296254761904756,0.008156195262861043,0.00014219995092821497
43,1.1624,22,0.38655414285714285,0.03805457354712788,0.003419739858780111
43,1.4451,22,0.4561842857142857,0.5,0.0
43,1.7279,22,0.47740142857142853,0.05045421922538734,0.01297441036346141
43,2.0106,22,0.45091602380952384,0.0841181144486654,0.5881457999513283
43,2.2934,22,0.3855199523809524,0.029403224651939452,0.0013762890088653552
43,2.5761,22,0.308665619047619,0.005332791807601045,9.698642139755767e-05
43,2.8588,22,0.22689473809523808,0.000531615469650415,2.3664901414483677e-05
43,3.1416,22,0.17544666666666667,4.7108577943655305e-05,6.8792819323390694e-06
45,0.3142,23,0.15214415909090906,5.1127879629964124e-05,7.168145516857166e-06
45,0.5969,23,0.21560054545454543,0.0008820701845956846,3.1019104304219235e-05
45,0.8796,23,0.3029861590909091,0.007789123953033106,0.00013581922928785026
45,1.1624,23,0.3863191590909091,0.04256043863689157,0.005528828648550162
45,1.4451,23,0.4560755909090909,0.050094390706298564,0.01247557529023065
45,1.7279,23,0.4775221590909091,0.5,0.0
45,2.0106,23,0.4509914318181818,0.05514552438984832,0.02169367542201149
45,2.2934,23,0.3861236590909091,0.028492899771381364,0.0012516305425968467
45,2.5761,23,0.31007563636363633,0.005121921822088205,9.39000096919445e-05
45,2.8588,23,0.22750956818181817,0.00045604367787860367,2.1836785331035546e-05
45,3.1416,23,0.1768382727272727,3.907472139674795e-05,6.2628436774291e-06
47,0.3142,24,0.15167813043478262,4.1082592573571386e-05,6.42236378517022e-06
47,0.5969,24,0.21522495652173912,0.0007412989140603288,2.8237196415513415e-05
47,0.8796,24,0.3028385217391304,0.0075713500501005115,0.00013211523868305537
47,1.1624,24,0.3860793913043479,0.03185448921712025,0.001778493228326412
47,1.4451,24,0.4562017391304347,0.044558541685506714,0.0068517343683490075
47,1.7279,24,0.4774871086956522,0.05987201577136081,0.03661376853275806
47,2.0106,24,0.4509391304347825,0.5,0.0
47,2.2934,24,0.3853325652173913,0.5,0.0
47,2.5761,24,0.3092559565217391,0.008651795872830104,0.00015110523889039999
47,2.8588,24,0.22605315217391303,0.0006300657005735011,2.5889064668233373e-05
47,3.1416,24,0.17471589130434784,2.7035784783135952e-05,5.206420395939719e-06
49,0.3142,25,0.1497161875,1.7014176908802803e-05,4.128230682504938e-06
49,0.5969,25,0.21350999999999998,0.000552707447016576,2.4154974829701495e-05
49,0.8796,25,0.3015996666666667,0.0069073452178304295,0.0001211698191328269
49,1.1624,25,0.385684125,0.030173829343421832,0.001491632231994849
49,1.4451,25,0.4563561458333333,0.05987201577136081,0.03661376853275806
49,1.7279,25,0.4774987291666667,0.5,0.0
49,2.0106,25,0.45033493750000003,0.5,0.0
49,2.2934,25,0.38392841666666666,0.030539691614646702,0.001549786825685725
49,2.5761,25,0.30712191666666666,0.005120265739406493,9.387588522901511e-05
49,2.8588,25,0.22310406249999998,0.00019688755856722695,1.4166777896097036e-05
49,3.1416,25,0.17119443750000002,6.001764698837508e-06,2.450563231588257e-06
