"Qubit","T1 (us)","T2 (us)","Readout assignment error","Prob meas0 prep1","Prob meas1 prep0","Readout length (ns)","ID error","Single-qubit gate length (ns)","RX error","Z-axis rotation (rz) error","√x (sx) error","Pauli-X error","CZ error","Gate length (ns)","RZZ error","Operational"
"0","303.79347149542656","433.176674460048","0.02099609375","0.015625","0.0263671875","2280","0.00021510322748533828","32","0.00021510322748533828","0","0.00021510322748533828","0.00021510322748533828","1:0.0009237805836782298","1:68","1:0.0018929516864581997","Yes"
"1","332.27112980240645","406.34903698430276","0.009033203125","0.009765625","0.00830078125","2280","0.00020984582593873346","32","0.00020984582593873346","0","0.00020984582593873346","0.00020984582593873346","2:0.001592457269702141;0:0.0009237805836782298","2:68;0:68","2:0.0024043267643951705;0:0.0018929516864581997","Yes"
"2","322.79595854716416","105.76172857417728","0.00341796875","0.00341796875","0.00341796875","2280","0.00013705429051926883","32","0.00013705429051926883","0","0.00013705429051926883","0.00013705429051926883","1:0.001592457269702141;3:0.0014080522341323176","1:68;3:68","1:0.0024043267643951705;3:0.0036078056564732564","Yes"
"3","344.1343055312064","482.69283771712435","0.004638671875","0.00830078125","0.0009765625","2280","0.0003800179201400753","32","0.0003800179201400753","0","0.0003800179201400753","0.0003800179201400753","16:0.0018292316415650378;2:0.0014080522341323176;4:0.006290188429933646","16:68;2:68;4:68","16:0.0012917440770744137;2:0.0036078056564732564;4:0.002663127304818269","Yes"
"4","279.87294982052236","58.02568826898094","0.013671875","0.0146484375","0.0126953125","2280","0.0003064540794227381","32","0.0003064540794227381","0","0.0003064540794227381","0.0003064540794227381","3:0.006290188429933646;5:0.0015526271584259677","3:68;5:68","3:0.002663127304818269;5:0.001955832091374371","Yes"
"5","273.50778778192137","104.11319845906229","0.00439453125","0.00537109375","0.00341796875","2280","0.00017672913187230182","32","0.00017672913187230182","0","0.00017672913187230182","0.00017672913187230182","6:0.0025224253443906774;4:0.0015526271584259677","6:68;4:68","6:0.0038334748687902653;4:0.001955832091374371","Yes"
"6","264.45793345262206","116.54889178502778","0.008544921875","0.0087890625","0.00830078125","2280","0.00029358892081090936","32","0.00029358892081090936","0","0.00029358892081090936","0.00029358892081090936","5:0.0025224253443906774;7:0.009053857831148537","5:68;7:80","5:0.0038334748687902653;7:0.010197174942128878","Yes"
"7","357.06997284411244","100.32849287176042","0.0205078125","0.03076171875","0.01025390625","2280","0.0003848073251773843","32","0.0003848073251773843","0","0.0003848073251773843","0.0003848073251773843","17:0.007442059180111538;6:0.009053857831148537;8:0.006577967506289223","17:68;6:80;8:68","17:0.004247891396614273;6:0.010197174942128878;8:0.0038081261692296253","Yes"
"8","291.75950504275886","70.6123623201111","0.025390625","0.0166015625","0.0341796875","2280","0.00035803156439301987","32","0.00035803156439301987","0","0.00035803156439301987","0.00035803156439301987","9:0.006608605746204588;7:0.006577967506289223","9:68;7:68","9:0.009486668672469917;7:0.0038081261692296253","Yes"
"9","4.99911247275682","10.226663380070933","0.03955078125","0.078125","0.0009765625","2280","0.00232437293798424","32","0.00232437293798424","0","0.00232437293798424","0.00232437293798424","8:0.006608605746204588;10:0.005961263779508369","8:68;10:68","8:0.009486668672469917;10:0.009407417441521682","Yes"
"10","300.70887008816476","31.62307964554155","0.002685546875","0.00439453125","0.0009765625","2280","0.00028981098912780347","32","0.00028981098912780347","0","0.00028981098912780347","0.00028981098912780347","9:0.005961263779508369;11:0.001275980437638935","9:68;11:68","9:0.009407417441521682;11:0.0014812558582932844","Yes"
"11","255.6586887661539","50.36953847766389","0.005615234375","0.0068359375","0.00439453125","2280","0.0002998251946767372","32","0.0002998251946767372","0","0.0002998251946767372","0.0002998251946767372","18:0.0017340203890316153;10:0.001275980437638935;12:0.0013208489995379935","18:68;10:68;12:68","18:0.00268469334304991;10:0.0014812558582932844;12:0.0013121446560347971","Yes"
"12","196.04378311051013","232.11809347201495","0.034912109375","0.05078125","0.01904296875","2280","0.0003904032076213729","32","0.0003904032076213729","0","0.0003904032076213729","0.0003904032076213729","13:0.0019775615245132827;11:0.0013208489995379935","13:68;11:68","13:0.0019098302004203205;11:0.0013121446560347971","Yes"
"13","482.1161024561802","28.60992340475014","0.006103515625","0.00927734375","0.0029296875","2280","0.0002723810294451591","32","0.0002723810294451591","0","0.0002723810294451591","0.0002723810294451591","12:0.0019775615245132827;14:0.0011028782333618592","12:68;14:68","12:0.0019098302004203205;14:0.0035245519953532034","Yes"
"14","279.20004640649654","246.5319688529809","0.02490234375","0.0205078125","0.029296875","2280","0.00019455493592580536","32","0.00019455493592580536","0","0.00019455493592580536","0.00019455493592580536","15:0.0021781823183439353;13:0.0011028782333618592","15:68;13:68","15:0.002137377014601566;13:0.0035245519953532034","Yes"
"15","357.0427134162676","352.8055028886441","0.0048828125","0.005859375","0.00390625","2280","0.00010863367501665905","32","0.00010863367501665905","0","0.00010863367501665905","0.00010863367501665905","14:0.0021781823183439353;19:0.00437303583264842","14:68;19:68","14:0.002137377014601566;19:0.003897992329198491","Yes"
"16","283.82413043885384","216.5162887043645","0.014404296875","0.025390625","0.00341796875","2280","0.000252598724201998","32","0.000252598724201998","0","0.000252598724201998","0.000252598724201998","23:0.0013350383770060759;3:0.0018292316415650378","23:68;3:68","23:0.0014546068903806553;3:0.0012917440770744137","Yes"
"17","319.25234271374785","178.08641623491104","0.00341796875","0.00537109375","0.00146484375","2280","0.00022623744396523224","32","0.00022623744396523224","0","0.00022623744396523224","0.00022623744396523224","7:0.007442059180111538;27:0.0011573754108208656","7:68;27:68","7:0.004247891396614273;27:0.0022656110824881837","Yes"
"18","106.5274759434076","98.74777187281988","0.03662109375","0.03173828125","0.04150390625","2280","0.00025406759049629267","32","0.00025406759049629267","0","0.00025406759049629267","0.00025406759049629267","11:0.0017340203890316153;31:0.0018033111263469903","11:68;31:68","11:0.00268469334304991;31:0.0023628332464858126","Yes"
"19","271.21866037656866","190.36262016594682","0.011474609375","0.01123046875","0.01171875","2280","0.0003856167461460418","32","0.0003856167461460418","0","0.0003856167461460418","0.0003856167461460418","35:0.001272238997320374;15:0.00437303583264842","35:68;15:68","35:0.00121822613988401;15:0.003897992329198491","Yes"
"20","342.75001079883396","23.78265815722116","0.006591796875","0.00830078125","0.0048828125","2280","0.0002551947161528765","32","0.0002551947161528765","0","0.0002551947161528765","0.0002551947161528765","21:0.0017133583020350063","21:68","21:0.002375886821390477","Yes"
"21","288.9307538497019","352.25862740233526","0.006103515625","0.01025390625","0.001953125","2280","0.0001391304787043053","32","0.0001391304787043053","0","0.0001391304787043053","0.0001391304787043053","36:0.0018247325145931415;20:0.0017133583020350063;22:0.002187651834572424","36:68;20:68;22:68","36:0.002772734708355956;20:0.002375886821390477;22:0.001644056996703086","Yes"
"22","332.4357500598821","159.61418042147244","0.0068359375","0.01025390625","0.00341796875","2280","0.00028313696043916496","32","0.00028313696043916496","0","0.00028313696043916496","0.00028313696043916496","23:0.0013801283821665289;21:0.002187651834572424","23:68;21:68","23:0.003284818127375133;21:0.001644056996703086","Yes"
"23","303.6882288032302","84.264157733213","0.002197265625","0.00439453125","0","2280","0.0002492436598354773","32","0.0002492436598354773","0","0.0002492436598354773","0.0002492436598354773","22:0.0013801283821665289;24:0.0015455016031688806;16:0.0013350383770060759","22:68;24:68;16:68","22:0.003284818127375133;24:0.0024345158964347025;16:0.0014546068903806553","Yes"
"24","204.3238180008922","63.59986793346815","0.01513671875","0.01611328125","0.01416015625","2280","0.00038063835496258454","32","0.00038063835496258454","0","0.00038063835496258454","0.00038063835496258454","23:0.0015455016031688806;25:0.002125858136629022","23:68;25:68","23:0.0024345158964347025;25:0.0030264760630021037","Yes"
"25","394.1025837905823","16.615643019703462","0.00341796875","0.00390625","0.0029296875","2280","0.00024257083223327728","32","0.00024257083223327728","0","0.00024257083223327728","0.00024257083223327728","24:0.002125858136629022;26:0.0014204087769978113;37:0.0021129394064207663","24:68;26:68;37:68","24:0.0030264760630021037;26:0.006132586466007145;37:0.005117213824621686","Yes"
"26","298.07440023467257","194.843353245383","0.017333984375","0.0166015625","0.01806640625","2280","0.0001831352331293991","32","0.0001831352331293991","0","0.0001831352331293991","0.0001831352331293991","25:0.0014204087769978113;27:0.09533013921303296","25:68;27:68","25:0.006132586466007145;27:0.0034705641120229558","Yes"
"27","344.0780175711671","75.07349465659476","0.009033203125","0.01171875","0.00634765625","2280","0.00017563644102823548","32","0.00017563644102823548","0","0.00017563644102823548","0.00017563644102823548","26:0.09533013921303296;28:0.0011932917849550861;17:0.0011573754108208656","26:68;28:68;17:68","26:0.0034705641120229558;28:0.0019559473188530685;17:0.0022656110824881837","Yes"
"28","248.8683226117991","337.8378952643921","0.00732421875","0.0146484375","0","2280","0.00016442184909209196","32","0.00016442184909209196","0","0.00016442184909209196","0.00016442184909209196","27:0.0011932917849550861;29:0.0030807435599451427","27:68;29:68","27:0.0019559473188530685;29:0.0030982767769942576","Yes"
"29","195.39660597710073","98.70921354905423","0.005615234375","0.01025390625","0.0009765625","2280","0.00021639170634964617","32","0.00021639170634964617","0","0.00021639170634964617","0.00021639170634964617","38:0.019635086351894704;28:0.0030807435599451427;30:0.0014809924236443839","38:68;28:68;30:80","38:0.0058915878106388375;28:0.0030982767769942576;30:0.003935054025804102","Yes"
"30","114.02142353841361","42.908608259392366","0.007080078125","0.01171875","0.00244140625","2280","0.00014733972557610836","32","0.00014733972557610836","0","0.00014733972557610836","0.00014733972557610836","31:0.001537099816373927;29:0.0014809924236443839","31:68;29:80","31:0.0061909626948842555;29:0.003935054025804102","Yes"
"31","234.24368963838845","233.24645369934262","0.02001953125","0.03662109375","0.00341796875","2280","0.0001283867565004859","32","0.0001283867565004859","0","0.0001283867565004859","0.0001283867565004859","30:0.001537099816373927;32:0.0023030912508473778;18:0.0018033111263469903","30:68;32:68;18:68","30:0.0061909626948842555;32:0.002117738251839696;18:0.0023628332464858126","Yes"
"32","277.48455328370073","389.1425375801369","0.0205078125","0.02685546875","0.01416015625","2280","0.0001901917295077845","32","0.0001901917295077845","0","0.0001901917295077845","0.0001901917295077845","31:0.0023030912508473778;33:0.007307552109025756","31:68;33:68","31:0.002117738251839696;33:0.00717292903566355","Yes"
"33","439.87999747724643","572.3845629815462","0.006591796875","0.005859375","0.00732421875","2280","0.00008681493858657691","32","0.00008681493858657691","0","0.00008681493858657691","0.00008681493858657691","39:0.0012808483421592465;32:0.007307552109025756;34:0.0031379549888216063","39:68;32:68;34:108","39:0.0012928352080347205;32:0.00717292903566355;34:0.002622962606422946","Yes"
"34","387.84865795969597","311.3124271891783","0.025146484375","0.0234375","0.02685546875","2280","0.0002515282586265293","32","0.0002515282586265293","0","0.0002515282586265293","0.0002515282586265293","33:0.0031379549888216063;35:0.0018815443160656864","33:108;35:68","33:0.002622962606422946;35:0.0014413163511843852","Yes"
"35","240.97484046921045","329.6480891639972","0.01953125","0.01953125","0.01953125","2280","0.00014290392581414583","32","0.00014290392581414583","0","0.00014290392581414583","0.00014290392581414583","19:0.001272238997320374;34:0.0018815443160656864","19:68;34:68","19:0.00121822613988401;34:0.0014413163511843852","Yes"
"36","204.936496805545","195.98600132296698","0.007568359375","0.0107421875","0.00439453125","2280","0.0004591438699015228","32","0.0004591438699015228","0","0.0004591438699015228","0.0004591438699015228","41:0.0024429815248715736;21:0.0018247325145931415","41:68;21:68","41:0.0034212971931822933;21:0.002772734708355956","Yes"
"37","202.00272622822897","37.882698401869476","0.003173828125","0.00439453125","0.001953125","2280","0.0003250246245349446","32","0.0003250246245349446","0","0.0003250246245349446","0.0003250246245349446","45:0.0016829498484742522;25:0.0021129394064207663","45:68;25:68","45:0.0033744452923208934;25:0.005117213824621686","Yes"
"38","254.0363230683939","111.83910050176056","0.007080078125","0.01416015625","0","2280","0.00022348928198594203","32","0.00022348928198594203","0","0.00022348928198594203","0.00022348928198594203","29:0.019635086351894704;49:0.001419250012106521","29:68;49:68","29:0.0058915878106388375;49:0.0019796422502061928","Yes"
"39","187.8843402047168","135.26945460169898","0.013427734375","0.01318359375","0.013671875","2280","0.00018934480638101942","32","0.00018934480638101942","0","0.00018934480638101942","0.00018934480638101942","53:0.0013403906198229398;33:0.0012808483421592465","53:68;33:68","53:0.0017035838546906323;33:0.0012928352080347205","Yes"
"40","345.8816401031222","59.779743361245266","0.006591796875","0.005859375","0.00732421875","2280","0.0004328329470523409","32","0.0004328329470523409","0","0.0004328329470523409","0.0004328329470523409","41:0.0023490756176268446","41:68","41:0.004152720747395644","Yes"
"41","357.7699323006711","51.81387972615212","0.002685546875","0.00439453125","0.0009765625","2280","0.00042454867604769505","32","0.00042454867604769505","0","0.00042454867604769505","0.00042454867604769505","40:0.0023490756176268446;42:0.016691831714731487;36:0.0024429815248715736","40:68;42:68;36:68","40:0.004152720747395644;42:0.0038117141927265785;36:0.0034212971931822933","Yes"
"42","242.24924792347718","101.50592270937683","0.0048828125","0.00634765625","0.00341796875","2280","0.00023227897873549804","32","0.00023227897873549804","0","0.00023227897873549804","0.00023227897873549804","41:0.016691831714731487;43:0.0025315325665991317","41:68;43:68","41:0.0038117141927265785;43:0.007693964328668812","Yes"
"43","430.3424613822748","56.38607997668486","0.007080078125","0.01025390625","0.00390625","2280","0.0006620721494336438","32","0.0006620721494336438","0","0.0006620721494336438","0.0006620721494336438","42:0.0025315325665991317;56:0.004508030079591274;44:0.007530875006973331","42:68;56:68;44:68","42:0.007693964328668812;56:0.003923374375399413;44:0.0063450293514425715","Yes"
"44","293.061934588827","129.61112020405486","0.004638671875","0.00732421875","0.001953125","2280","0.00013937759234583332","32","0.00013937759234583332","0","0.00013937759234583332","0.00013937759234583332","45:0.004499329889495168;43:0.007530875006973331","45:68;43:68","45:0.002175104091805047;43:0.0063450293514425715","Yes"
"45","409.653190593238","231.94088246120376","0.00341796875","0.0068359375","0","2280","0.0003392317051793157","32","0.0003392317051793157","0","0.0003392317051793157","0.0003392317051793157","44:0.004499329889495168;46:0.0014910955980443896;37:0.0016829498484742522","44:68;46:68;37:68","44:0.002175104091805047;46:0.0019000375056397178;37:0.0033744452923208934","Yes"
"46","147.21652288621388","122.3074235452095","0.008056640625","0.01416015625","0.001953125","2280","0.00021889984573394522","32","0.00021889984573394522","0","0.00021889984573394522","0.00021889984573394522","45:0.0014910955980443896;47:0.001679683093974177","45:68;47:68","45:0.0019000375056397178;47:0.0021727368733822916","Yes"
"47","184.8053023523922","224.36699443332125","0.009765625","0.0126953125","0.0068359375","2280","0.00026508205324952017","32","0.00026508205324952017","0","0.00026508205324952017","0.00026508205324952017","48:0.0027207643987342267;57:0.0013952236930156736;46:0.001679683093974177","48:68;57:68;46:68","48:0.004077423090355886;57:0.0020229384493019864;46:0.0021727368733822916","Yes"
"48","220.277887795168","32.15493344280217","0.003662109375","0.005859375","0.00146484375","2280","0.0003105520512785919","32","0.0003105520512785919","0","0.0003105520512785919","0.0003105520512785919","47:0.0027207643987342267;49:0.0024034779236981885","47:68;49:68","47:0.004077423090355886;49:0.004085105322992555","Yes"
"49","298.0185544488563","111.99425956275127","0.0048828125","0.005859375","0.00390625","2280","0.00021533560757777085","32","0.00021533560757777085","0","0.00021533560757777085","0.00021533560757777085","48:0.0024034779236981885;50:0.0025733373403414306;38:0.001419250012106521","48:68;50:68;38:68","48:0.004085105322992555;50:0.002083539512110294;38:0.0019796422502061928","Yes"
"50","240.87340467229347","261.5374777431494","0.00439453125","0.00732421875","0.00146484375","2280","0.0001901966367293249","32","0.0001901966367293249","0","0.0001901966367293249","0.0001901966367293249","49:0.0025733373403414306;51:0.0011800705554526336","49:68;51:68","49:0.002083539512110294;51:0.003327323263329851","Yes"
"51","196.7243673169859","272.137024876601","0.01953125","0.015625","0.0234375","2280","0.000127566341820144","32","0.000127566341820144","0","0.000127566341820144","0.000127566341820144","50:0.0011800705554526336;52:0.001311633269489243;58:0.001845111385603837","50:68;52:68;58:68","50:0.003327323263329851;52:0.0029847117569751225;58:0.0037451715240796324","Yes"
"52","287.2112531236986","73.81303803663567","0.00634765625","0.01220703125","0.00048828125","2280","0.00016992244565178265","32","0.00016992244565178265","0","0.00016992244565178265","0.00016992244565178265","51:0.001311633269489243;53:0.0016565753432632724","51:68;53:68","51:0.0029847117569751225;53:0.045351804529598","Yes"
"53","411.54860451133624","49.51781368031397","0.0078125","0.0107421875","0.0048828125","2280","0.00012437011176863602","32","0.00012437011176863602","0","0.00012437011176863602","0.00012437011176863602","39:0.0013403906198229398;52:0.0016565753432632724;54:0.0010875302274550858","39:68;52:68;54:68","39:0.0017035838546906323;52:0.045351804529598;54:0.0014449512906024309","Yes"
"54","359.94463533399005","183.06106760648706","0.046630859375","0.0859375","0.00732421875","2280","0.00033764111283675287","32","0.00033764111283675287","0","0.00033764111283675287","0.00033764111283675287","53:0.0010875302274550858;55:0.0033002952472146463","53:68;55:68","53:0.0014449512906024309;55:0.002104849647324769","Yes"
"55","368.43101071191165","102.42434274832411","0.03564453125","0.02490234375","0.04638671875","2280","0.0001696525076568769","32","0.0001696525076568769","0","0.0001696525076568769","0.0001696525076568769","59:0.001749920387229098;54:0.0033002952472146463","59:68;54:68","59:0.0018911166647162803;54:0.002104849647324769","Yes"
"56","284.512146741157","52.743057977288615","0.0107421875","0.017578125","0.00390625","2280","0.00022002853245119236","32","0.00022002853245119236","0","0.00022002853245119236","0.00022002853245119236","63:0.0018668436727372895;43:0.004508030079591274","63:68;43:68","63:0.0031343279607903007;43:0.003923374375399413","Yes"
"57","316.7589670248156","342.8578751355266","0.005615234375","0.0087890625","0.00244140625","2280","0.00014785591080206367","32","0.00014785591080206367","0","0.00014785591080206367","0.00014785591080206367","47:0.0013952236930156736;67:0.0021117900473291984","47:68;67:68","47:0.0020229384493019864;67:0.002064452895676888","Yes"
"58","226.31330381544657","160.5175267652869","0.005859375","0.005859375","0.005859375","2280","0.00013494626466714377","32","0.00013494626466714377","0","0.00013494626466714377","0.00013494626466714377","71:0.0011212032431358043;51:0.001845111385603837","71:68;51:68","71:0.0028481152621119;51:0.0037451715240796324","Yes"
"59","313.6553663799236","430.230029195123","0.007568359375","0.009765625","0.00537109375","2280","0.00018316983893015802","32","0.00018316983893015802","0","0.00018316983893015802","0.00018316983893015802","55:0.001749920387229098;75:0.0013749647956923794","55:68;75:68","55:0.0018911166647162803;75:0.0017515102295571072","Yes"
"60","150.2782393226989","31.924317086653925","0.00341796875","0.0068359375","0","2280","0.0003600177875198385","32","0.0003600177875198385","0","0.0003600177875198385","0.0003600177875198385","61:0.03369422077137796","61:68","61:0.02754647757025183","Yes"
"61","268.0826025429679","59.21959233336581","0.006591796875","0.0078125","0.00537109375","2280","0.00020390554981069732","32","0.00020390554981069732","0","0.00020390554981069732","0.00020390554981069732","76:0.0020101873685837435;60:0.03369422077137796","76:68;60:68;62:68","76:0.003782524381671176;60:0.02754647757025183","Yes"
"62","253.95046829734082","89.16327699416867","0.009521484375","0.005859375","0.01318359375","2280","0.00036887113387111905","32","0.00036887113387111905","0","0.00036887113387111905","0.00036887113387111905","63:0.00213895932549113","61:68;63:68","63:0.002995558105002377","Yes"
"63","313.05436081417645","66.88812582077855","0.010986328125","0.00830078125","0.013671875","2280","0.00023135114188682981","32","0.00023135114188682981","0","0.00023135114188682981","0.00023135114188682981","56:0.0018668436727372895;62:0.00213895932549113;64:0.0014842761045190112","56:68;62:68;64:68","56:0.0031343279607903007;62:0.002995558105002377;64:0.004163453352292595","Yes"
"64","265.3071947115729","159.41452311778275","0.00537109375","0.0107421875","0","2280","0.0003215121308909222","32","0.0003215121308909222","0","0.0003215121308909222","0.0003215121308909222","65:0.08333026140169947;63:0.0014842761045190112","65:68;63:68","65:0.03176065380704535;63:0.004163453352292595","Yes"
"65","320.60611463902956","307.1775823230103","0.01513671875","0.02783203125","0.00244140625","2280","0.00025712634660996495","32","0.00025712634660996495","0","0.00025712634660996495","0.00025712634660996495","64:0.08333026140169947;66:0.0034422273479483845;77:0.002069612410265681","64:68;66:68;77:68","64:0.03176065380704535;66:0.0037951688420556906;77:0.002842158068066647","Yes"
"66","225.93571397708146","213.08640188122678","0.005615234375","0.00927734375","0.001953125","2280","0.00016036326615438028","32","0.00016036326615438028","0","0.00016036326615438028","0.00016036326615438028","65:0.0034422273479483845;67:0.001708175585128785","65:68;67:68","65:0.0037951688420556906;67:0.004249598835030788","Yes"
"67","258.03807991756685","216.14662850481338","0.0068359375","0.0087890625","0.0048828125","2280","0.0002583627460416221","32","0.0002583627460416221","0","0.0002583627460416221","0.0002583627460416221","68:0.003002178775287273;57:0.0021117900473291984;66:0.001708175585128785","68:68;57:68;66:68","68:0.001152196928745658;57:0.002064452895676888;66:0.004249598835030788","Yes"
"68","218.77746790769217","129.40057262982646","0.00341796875","0.005859375","0.0009765625","2280","0.00018282428673225458","32","0.00018282428673225458","0","0.00018282428673225458","0.00018282428673225458","67:0.003002178775287273;69:0.00131589133775456","67:68;69:68","67:0.001152196928745658;69:0.001899652890626491","Yes"
"69","423.8857738068359","329.7468122895314","0.00634765625","0.00439453125","0.00830078125","2280","0.00018663282106614912","32","0.00018663282106614912","0","0.00018663282106614912","0.00018663282106614912","78:0.0042968380786754246;68:0.00131589133775456;70:0.0015100459357402785","78:68;68:68;70:68","78:0.00466467775184784;68:0.001899652890626491;70:0.004796092249545025","Yes"
"70","262.36319152552426","294.73644217646404","0.013427734375","0.01904296875","0.0078125","2280","0.00020133805503525138","32","0.00020133805503525138","0","0.00020133805503525138","0.00020133805503525138","69:0.0015100459357402785;71:0.002293236531836218","69:68;71:68","69:0.004796092249545025;71:0.0019310141600255015","Yes"
"71","213.40823820504485","136.7914326510625","0.00830078125","0.01171875","0.0048828125","2280","0.0001722202946769213","32","0.0001722202946769213","0","0.0001722202946769213","0.0001722202946769213","72:0.0015185172207205222;58:0.0011212032431358043;70:0.002293236531836218","72:68;58:68;70:68","72:0.0020371057674799797;58:0.0028481152621119;70:0.0019310141600255015","Yes"
"72","52.80241037210222","51.2993289070361","0.0302734375","0.025390625","0.03515625","2280","0.0002574172503130368","32","0.0002574172503130368","0","0.0002574172503130368","0.0002574172503130368","73:0.003825786342744747;71:0.0015185172207205222","73:68;71:68","73:0.0033645604526380546;71:0.0020371057674799797","Yes"
"73","236.76386061978292","161.91677432089497","0.030029296875","0.0556640625","0.00439453125","2280","0.00022507328015503316","32","0.00022507328015503316","0","0.00022507328015503316","0.00022507328015503316","72:0.003825786342744747;74:0.001292232729934395;79:0.0013371332499431121","72:68;74:68;79:68","72:0.0033645604526380546;74:0.0012354546210095185;79:0.0018580262549997562","Yes"
"74","239.85096501942706","126.67651531056217","0.005859375","0.0068359375","0.0048828125","2280","0.0002414792328861399","32","0.0002414792328861399","0","0.0002414792328861399","0.0002414792328861399","73:0.001292232729934395;75:0.0017213213520305692","73:68;75:68","73:0.0012354546210095185;75:0.0013994371330405264","Yes"
"75","290.19709045431154","116.79053539781681","0.020751953125","0.03515625","0.00634765625","2280","0.00015905150128919305","32","0.00015905150128919305","0","0.00015905150128919305","0.00015905150128919305","59:0.0013749647956923794;74:0.0017213213520305692","59:68;74:68","59:0.0017515102295571072;74:0.0013994371330405264","Yes"
"76","192.12242778433185","41.02775142174599","0.308837890625","0.21044921875","0.4072265625","2280","","32","","0","","","81:0.0023430817423916173;61:0.0020101873685837435","81:68;61:68","81:0.002153059283302422;61:0.003782524381671176","Yes"
"77","195.62145535193451","239.65700341722996","0.01611328125","0.029296875","0.0029296875","2280","0.000272527462113416","32","0.000272527462113416","0","0.000272527462113416","0.000272527462113416","85:0.003966562265043827;65:0.002069612410265681","85:68;65:68","85:0.007662010507180322;65:0.002842158068066647","Yes"
"78","296.7705634506849","54.992236205334414","0.017822265625","0.01708984375","0.0185546875","2280","0.00019840043584660533","32","0.00019840043584660533","0","0.00019840043584660533","0.00019840043584660533","69:0.0042968380786754246;89:0.00240831574209599","69:68;89:68","69:0.00466467775184784;89:0.0023538757663847665","Yes"
"79","167.66521897597917","77.18264747283463","0.009033203125","0.01416015625","0.00390625","2280","0.00016188885883435084","32","0.00016188885883435084","0","0.00016188885883435084","0.00016188885883435084","93:0.0015190732454558598;73:0.0013371332499431121","93:68;73:68","93:0.0038547970843204327;73:0.0018580262549997562","Yes"
"80","310.60041405491796","218.5919829300758","0.011962890625","0.0234375","0.00048828125","2280","0.00019165055310939888","32","0.00019165055310939888","0","0.00019165055310939888","0.00019165055310939888","81:0.002448877382518422","81:68","81:0.0019692625490421445","Yes"
"81","334.8984304847388","387.9321767897177","0.004150390625","0.0068359375","0.00146484375","2280","0.0001967310403579026","32","0.0001967310403579026","0","0.0001967310403579026","0.0001967310403579026","80:0.002448877382518422;82:0.0011532108640033845;76:0.0023430817423916173","80:68;82:68;76:68","80:0.0019692625490421445;82:0.0018187662491699341;76:0.002153059283302422","Yes"
"82","290.1521587943543","355.658925739383","0.007568359375","0.01171875","0.00341796875","2280","0.00013711751220257972","32","0.00013711751220257972","0","0.00013711751220257972","0.00013711751220257972","81:0.0011532108640033845;83:0.0011664281684284072","81:68;83:68","81:0.0018187662491699341;83:0.0015828353039478438","Yes"
"83","230.93360162605805","159.4339573412254","0.003173828125","0.00439453125","0.001953125","2280","0.00014166264424198598","32","0.00014166264424198598","0","0.00014166264424198598","0.00014166264424198598","96:0.0013337274139587074;82:0.0011664281684284072;84:0.0024966008954777075","96:68;82:68;84:68","96:0.0015923246621213083;82:0.0015828353039478438;84:0.005603748810570075","Yes"
"84","210.02825110749902","226.14649540100598","0.01220703125","0.01611328125","0.00830078125","2280","0.0003201842414892792","32","0.0003201842414892792","0","0.0003201842414892792","0.0003201842414892792","83:0.0024966008954777075;85:0.004292681648146002","83:68;85:68","83:0.005603748810570075;85:0.006652334182108061","Yes"
"85","205.41132222005098","141.03908741048704","0.003662109375","0.0048828125","0.00244140625","2280","0.0007978371710544041","32","0.0007978371710544041","0","0.0007978371710544041","0.0007978371710544041","77:0.003966562265043827;86:0.026040436050835336;84:0.004292681648146002","77:68;86:68;84:68","77:0.007662010507180322;86:0.009873090291527747;84:0.006652334182108061","Yes"
"86","96.78816034781993","23.986515203690754","0.004638671875","0.00927734375","0","2280","0.00022681327173178816","32","0.00022681327173178816","0","0.00022681327173178816","0.00022681327173178816","85:0.026040436050835336;87:0.0024329558488650205","85:68;87:68","85:0.009873090291527747;87:0.0019716059063659974","Yes"
"87","111.6551687399416","93.95803423231621","0.0068359375","0.01318359375","0.00048828125","2280","0.0004301519173136943","32","0.0004301519173136943","0","0.0004301519173136943","0.0004301519173136943","86:0.0024329558488650205;88:0.002356125783310181;97:0.0022488980049971685","86:68;88:68;97:68","86:0.0019716059063659974;88:0.0026877875403816254;97:0.002394959774819405","Yes"
"88","270.7573582237192","17.751788392310488","0.00390625","0.00634765625","0.00146484375","2280","0.0003778850199097493","32","0.0003778850199097493","0","0.0003778850199097493","0.0003778850199097493","87:0.002356125783310181;89:0.0016540795602676683","87:68;89:68","87:0.0026877875403816254;89:0.011227748092571571","Yes"
"89","293.6674691104642","194.3249023743833","0.00341796875","0.00439453125","0.00244140625","2280","0.0002427500508681245","32","0.0002427500508681245","0","0.0002427500508681245","0.0002427500508681245","90:0.0025905010910366455;88:0.0016540795602676683;78:0.00240831574209599","90:68;88:68;78:68","90:0.003565568826553539;88:0.011227748092571571;78:0.0023538757663847665","Yes"
"90","235.71173866966225","246.0000752205066","0.005615234375","0.00732421875","0.00390625","2280","0.0007448165762578276","32","0.0007448165762578276","0","0.0007448165762578276","0.0007448165762578276","89:0.0025905010910366455;91:0.0042430953998970344","89:68;91:68","89:0.003565568826553539;91:0.002681215255234237","Yes"
"91","304.8714786540958","107.3965600291939","0.004150390625","0.005859375","0.00244140625","2280","0.00019245589603609375","32","0.00019245589603609375","0","0.00019245589603609375","0.00019245589603609375","98:0.0013876117212279493;90:0.0042430953998970344;92:0.0015828543699373532","98:68;90:68;92:68","98:0.0018044749065742605;90:0.002681215255234237;92:0.0019405615199167836","Yes"
"92","308.2363422261423","175.90329816133277","0.015380859375","0.0107421875","0.02001953125","2280","0.00023396363630536344","32","0.00023396363630536344","0","0.00023396363630536344","0.00023396363630536344","91:0.0015828543699373532;93:0.002828835092725579","91:68;93:68","91:0.0019405615199167836;93:0.003098537726912348","Yes"
"93","53.80796536652266","45.95167834608484","0.00634765625","0.00830078125","0.00439453125","2280","0.00029464507753898983","32","0.00029464507753898983","0","0.00029464507753898983","0.00029464507753898983","94:0.003484167416106354;79:0.0015190732454558598;92:0.002828835092725579","94:68;79:68;92:68","94:0.004770270560794709;79:0.0038547970843204327;92:0.003098537726912348","Yes"
"94","316.45280287734494","166.5456826293934","0.010986328125","0.01025390625","0.01171875","2280","0.00027561000214020563","32","0.00027561000214020563","0","0.00027561000214020563","0.00027561000214020563","93:0.003484167416106354;95:0.0014095762931759515","93:68;95:68","93:0.004770270560794709;95:0.0024199660398567524","Yes"
"95","226.64750384393827","267.88228860789985","0.006591796875","0.009765625","0.00341796875","2280","0.0001949956996414628","32","0.0001949956996414628","0","0.0001949956996414628","0.0001949956996414628","99:0.0013447310502097132;94:0.0014095762931759515","99:68;94:68","99:0.002946531334314745;94:0.0024199660398567524","Yes"
"96","297.02030138063225","147.87597879118897","0.00537109375","0.0068359375","0.00390625","2280","0.0001760677661311502","32","0.0001760677661311502","0","0.0001760677661311502","0.0001760677661311502","83:0.0013337274139587074;103:0.0018480393332252765","83:68;103:68","83:0.0015923246621213083;103:0.0023187663193561525","Yes"
"97","126.63707992169846","57.42212810078745","0.003173828125","0.00537109375","0.0009765625","2280","0.00016071736554811763","32","0.00016071736554811763","0","0.00016071736554811763","0.00016071736554811763","87:0.0022488980049971685;107:0.0012378781496248936","87:68;107:68","87:0.002394959774819405;107:0.0031080071393252695","Yes"
"98","258.7664932471102","49.705596527546255","0.005859375","0.0087890625","0.0029296875","2280","0.00039180983155010407","32","0.00039180983155010407","0","0.00039180983155010407","0.00039180983155010407","91:0.0013876117212279493;111:0.0017676685525691571","91:68;111:68","91:0.0018044749065742605;111:0.002231325879930801","Yes"
"99","261.7988566773161","209.4349879586737","0.018310546875","0.0166015625","0.02001953125","2280","0.00024536196934905495","32","0.00024536196934905495","0","0.00024536196934905495","0.00024536196934905495","115:0.004598319248451221;95:0.0013447310502097132","115:68;95:68","115:0.004633886423250633;95:0.002946531334314745","Yes"
"100","175.06867598413788","150.8679958647278","0.00390625","0.005859375","0.001953125","2280","0.00033478381310292875","32","0.00033478381310292875","0","0.00033478381310292875","0.00033478381310292875","101:0.0015152466508003837","101:68","101:0.002789312563172913","Yes"
"101","475.12407864746444","201.3543884393601","0.006591796875","0.01123046875","0.001953125","2280","0.0001230349852156097","32","0.0001230349852156097","0","0.0001230349852156097","0.0001230349852156097","100:0.0015152466508003837;116:0.0012255896976052782;102:0.0012702602651571693","100:68;116:68;102:68","100:0.002789312563172913;116:0.0013739886610029395;102:0.0025432923710380084","Yes"
"102","328.0495135399313","269.1681583598969","0.0087890625","0.017578125","0","2280","0.00038341635293932016","32","0.00038341635293932016","0","0.00038341635293932016","0.00038341635293932016","101:0.0012702602651571693;103:0.001669183739733654","101:68;103:68","101:0.0025432923710380084;103:0.003511407943446676","Yes"
"103","331.70477518081145","80.07375710573811","0.00537109375","0.009765625","0.0009765625","2280","0.00011931837574562957","32","0.00011931837574562957","0","0.00011931837574562957","0.00011931837574562957","104:0.001281097961680383;96:0.0018480393332252765;102:0.001669183739733654","104:68;96:68;102:68","104:0.0017679077905438934;96:0.0023187663193561525;102:0.003511407943446676","Yes"
"104","248.57198016650017","388.14666945001966","0.00390625","0.00732421875","0.00048828125","2280","0.0004407414791434461","32","0.0004407414791434461","0","0.0004407414791434461","0.0004407414791434461","103:0.001281097961680383;105:0.0016644562412854447","103:68;105:68","103:0.0017679077905438934;105:0.0021154821129369117","Yes"
"105","214.73897955880435","290.071102105159","0.00390625","0.00634765625","0.00146484375","2280","0.00021856305974882366","32","0.00021856305974882366","0","0.00021856305974882366","0.00021856305974882366","104:0.0016644562412854447;106:0.0017404407126806742;117:0.0010537584837516933","104:68;106:68;117:68","104:0.0021154821129369117;106:0.0019988963168852403;117:0.003749664038837891","Yes"
"106","128.50082242694427","170.27709091133443","0.00439453125","0.00537109375","0.00341796875","2280","0.0002732126091323825","32","0.0002732126091323825","0","0.0002732126091323825","0.0002732126091323825","107:0.0017222562852615697;105:0.0017404407126806742","107:68;105:68","107:0.0020650737724746404;105:0.0019988963168852403","Yes"
"107","226.17157770625852","246.68243872408812","0.00341796875","0.00341796875","0.00341796875","2280","0.00022692230563124845","32","0.00022692230563124845","0","0.00022692230563124845","0.00022692230563124845","106:0.0017222562852615697;108:0.001496332919419724;97:0.0012378781496248936","106:68;108:68;97:68","106:0.0020650737724746404;108:0.0016804927268008196;97:0.0031080071393252695","Yes"
"108","131.46440528993557","101.9493223645757","0.008056640625","0.01171875","0.00439453125","2280","0.00022709259501980776","32","0.00022709259501980776","0","0.00022709259501980776","0.00022709259501980776","107:0.001496332919419724;109:0.0013988946282902648","107:68;109:68","107:0.0016804927268008196;109:0.0025455793363306223","Yes"
"109","215.70791171985348","273.2234022697253","0.00927734375","0.01708984375","0.00146484375","2280","0.00011538295531921835","32","0.00011538295531921835","0","0.00011538295531921835","0.00011538295531921835","108:0.0013988946282902648;110:0.001638302892620791;118:0.002808444743911259","108:68;110:68;118:68","108:0.0025455793363306223;110:0.0014923750452612294;118:0.0031194774706915507","Yes"
"110","214.34994467154453","163.64540122571267","0.003662109375","0.005859375","0.00146484375","2280","0.00027620425394421234","32","0.00027620425394421234","0","0.00027620425394421234","0.00027620425394421234","109:0.001638302892620791;111:0.005333774122923546","109:68;111:68","109:0.0014923750452612294;111:0.003242927573060106","Yes"
"111","287.7494010528972","184.4249474760273","0.019287109375","0.00439453125","0.0341796875","2280","0.00013924201197934428","32","0.00013924201197934428","0","0.00013924201197934428","0.00013924201197934428","112:0.157678551648177;110:0.005333774122923546;98:0.0017676685525691571","112:68;110:68;98:68","112:0.2496631851295615;110:0.003242927573060106;98:0.002231325879930801","Yes"
"112","254.8507332189821","153.365067822014","0.0556640625","0.10595703125","0.00537109375","2280","","32","","0","","","111:0.157678551648177","111:68;113:68","111:0.2496631851295615","Yes"
"113","145.29106209810115","109.22643240606374","0.12548828125","0.1884765625","0.0625","2280","","32","","0","","","119:0.06793976859157269;114:0.021053714604749557","119:68;112:68;114:68","","Yes"
"114","220.11967783143442","28.538341208380036","0.02001953125","0.02587890625","0.01416015625","2280","0.00016633207644694225","32","0.00016633207644694225","0","0.00016633207644694225","0.00016633207644694225","115:0.005250825260608938;113:0.021053714604749557","115:68;113:68","115:0.003942162549078088","Yes"
"115","237.60938043588308","9.69791641497647","0.012451171875","0.015625","0.00927734375","2280","0.00012959924666333132","32","0.00012959924666333132","0","0.00012959924666333132","0.00012959924666333132","99:0.004598319248451221;114:0.005250825260608938","99:68;114:68","99:0.004633886423250633;114:0.003942162549078088","Yes"
"116","239.7972471374956","195.9013011289369","0.002197265625","0.001953125","0.00244140625","2280","0.00023474717274314799","32","0.00023474717274314799","0","0.00023474717274314799","0.00023474717274314799","101:0.0012255896976052782;121:0.008698475470302891","101:68;121:68","101:0.0013739886610029395;121:0.010602556464117091","Yes"
"117","371.54000051832037","286.04505685306464","0.0029296875","0.00146484375","0.00439453125","2280","0.00016499397432694467","32","0.00016499397432694467","0","0.00016499397432694467","0.00016499397432694467","105:0.0010537584837516933;125:0.0012043854994276404","105:68;125:68","105:0.003749664038837891;125:0.0029253755083455957","Yes"
"118","206.2524623004411","138.5251041274433","0.00390625","0.005859375","0.001953125","2280","0.00015805781780997953","32","0.00015805781780997953","0","0.00015805781780997953","0.00015805781780997953","109:0.002808444743911259;129:0.0014163347576769125","109:68;129:68","109:0.0031194774706915507;129:0.0023782739387697704","Yes"
"119","119.18527531847187","163.25844601126582","0.016845703125","0.0126953125","0.02099609375","2280","0.0006144871221771315","32","0.0006144871221771315","0","0.0006144871221771315","0.0006144871221771315","113:0.06793976859157269;133:0.05583523937399945","113:68;133:68","133:0.027254346361990506","Yes"
"120","155.48819695079152","127.1612213193174","0.06494140625","0.12109375","0.0087890625","2280","0.00435826215692583","32","0.00435826215692583","0","0.00435826215692583","0.00435826215692583","121:0.10385952169692787","121:68","","Yes"
"121","236.16801687988232","117.98282364957647","0.010498046875","0.01123046875","0.009765625","2280","0.00048283651505436276","32","0.00048283651505436276","0","0.00048283651505436276","0.00048283651505436276","120:0.10385952169692787;122:0.011935596013168154;116:0.008698475470302891","120:68;122:68;116:68","122:0.01123188267572331;116:0.010602556464117091","Yes"
"122","266.16809984649035","223.38917008758798","0.0625","0.12353515625","0.00146484375","2280","0.00019106555310122509","32","0.00019106555310122509","0","0.00019106555310122509","0.00019106555310122509","121:0.011935596013168154;123:0.00101941280349227","121:68;123:68","121:0.01123188267572331;123:0.0018477306896236279","Yes"
"123","328.8906205335049","14.931135504273708","0.0078125","0.00537109375","0.01025390625","2280","0.00021458095419389287","32","0.00021458095419389287","0","0.00021458095419389287","0.00021458095419389287","136:0.001875179973340274;124:0.0013610526871213058;122:0.00101941280349227","136:68;124:68;122:68","136:0.003040556456612886;124:0.001973074123505336;122:0.0018477306896236279","Yes"
"124","305.9644091241104","229.36380705720674","0.006591796875","0.00927734375","0.00390625","2280","0.00014925806109822157","32","0.00014925806109822157","0","0.00014925806109822157","0.00014925806109822157","123:0.0013610526871213058;125:0.002866666221605224","123:68;125:68","123:0.001973074123505336;125:0.003371649831984541","Yes"
"125","319.0521366921756","248.50545607619688","0.045166015625","0.0390625","0.05126953125","2280","0.0003720525148005844","32","0.0003720525148005844","0","0.0003720525148005844","0.0003720525148005844","117:0.0012043854994276404;124:0.002866666221605224;126:0.0015626812546529478","117:68;124:68;126:68","117:0.0029253755083455957;124:0.003371649831984541;126:0.003159342405478077","Yes"
"126","173.0793110248852","171.8819935041745","0.005615234375","0.00830078125","0.0029296875","2280","0.00027609927788166286","32","0.00027609927788166286","0","0.00027609927788166286","0.00027609927788166286","127:0.0013367953334334215;125:0.0015626812546529478","127:68;125:68","127:0.0027182967657416734;125:0.003159342405478077","Yes"
"127","184.5488171743491","144.98626813806442","0.05908203125","0.06689453125","0.05126953125","2280","0.0003174888036112723","32","0.0003174888036112723","0","0.0003174888036112723","0.0003174888036112723","126:0.0013367953334334215;128:0.002096628895380398;137:0.0015841767863638834","126:68;128:68;137:68","126:0.0027182967657416734;128:0.002740529120798918;137:0.0014665076131604449","Yes"
"128","298.48895878838863","52.50129506082228","0.004638671875","0.0078125","0.00146484375","2280","0.00031387094525336685","32","0.00031387094525336685","0","0.00031387094525336685","0.00031387094525336685","127:0.002096628895380398;129:0.0015492031426163344","127:68;129:68","127:0.002740529120798918;129:0.0034624344813632135","Yes"
"129","321.1377895986076","127.03228748888105","0.023681640625","0.04541015625","0.001953125","2280","0.0003787377875112818","32","0.0003787377875112818","0","0.0003787377875112818","0.0003787377875112818","130:0.057221065892681944;128:0.0015492031426163344;118:0.0014163347576769125","130:68;128:68;118:68","130:0.022316992063066532;128:0.0034624344813632135;118:0.0023782739387697704","Yes"
"130","141.44934898231207","139.6025676238553","0.026611328125","0.0458984375","0.00732421875","2280","0.00017428141676127814","32","0.00017428141676127814","0","0.00017428141676127814","0.00017428141676127814","129:0.057221065892681944","129:68;131:68","129:0.022316992063066532","Yes"
"131","58.13607456212327","10.971130462698376","0.12548828125","0.17578125","0.0751953125","2280","0.0077424949030930985","32","0.0077424949030930985","0","0.0077424949030930985","0.0077424949030930985","138:0.01596961485726467;132:0.060664377894724536","138:68;130:68;132:68","","Yes"
"132","379.92487074270497","232.24272183572452","0.00537109375","0.00830078125","0.00244140625","2280","0.0005191207439151924","32","0.0005191207439151924","0","0.0005191207439151924","0.0005191207439151924","133:0.0037645759918003008;131:0.060664377894724536","133:68;131:68","133:0.002087970277651452","Yes"
"133","273.5969667999653","133.99103787696464","0.0078125","0.0048828125","0.0107421875","2280","0.00033022891727032877","32","0.00033022891727032877","0","0.00033022891727032877","0.00033022891727032877","132:0.0037645759918003008;134:0.0013596548281623877;119:0.05583523937399945","132:68;134:68;119:68","132:0.002087970277651452;134:0.0024054318524539264;119:0.027254346361990506","Yes"
"134","184.63228060248179","113.79773454403464","0.001953125","0.00390625","0","2280","0.00018223314741224497","32","0.00018223314741224497","0","0.00018223314741224497","0.00018223314741224497","133:0.0013596548281623877;135:0.0037091770809629943","133:68;135:68","133:0.0024054318524539264;135:0.0032068992517586825","Yes"
"135","120.11846066834534","157.87560967298108","0.009521484375","0.01611328125","0.0029296875","2280","0.00024075363735710862","32","0.00024075363735710862","0","0.00024075363735710862","0.00024075363735710862","134:0.0037091770809629943;139:0.0026694972203545053","134:68;139:68","134:0.0032068992517586825;139:0.0038341800920489444","Yes"
"136","179.00561720614863","249.93531442639184","0.008544921875","0.01171875","0.00537109375","2280","0.0003358425413025391","32","0.0003358425413025391","0","0.0003358425413025391","0.0003358425413025391","123:0.001875179973340274;143:0.0018249685989422115","123:68;143:68","123:0.003040556456612886;143:0.003808180131467803","Yes"
"137","310.8767380919138","12.007920279712474","0.00634765625","0.0087890625","0.00390625","2280","0.000307950406329547","32","0.000307950406329547","0","0.000307950406329547","0.000307950406329547","147:0.002513053650560454;127:0.0015841767863638834","147:68;127:68","147:0.0026245072896401156;127:0.0014665076131604449","Yes"
"138","361.39343989832224","92.92223176060169","0.010009765625","0.0166015625","0.00341796875","2280","0.00020337661074749957","32","0.00020337661074749957","0","0.00020337661074749957","0.00020337661074749957","151:0.0018385181227216774;131:0.01596961485726467","151:68;131:68","151:0.0018521630667392985","Yes"
"139","258.86470577427906","22.80712252018348","0.004638671875","0.00634765625","0.0029296875","2280","0.00018241115107517204","32","0.00018241115107517204","0","0.00018241115107517204","0.00018241115107517204","155:0.0012259552625026315;135:0.0026694972203545053","155:68;135:68","155:0.002813532843298938;135:0.0038341800920489444","Yes"
"140","285.40494016685227","427.62859214263716","0.007568359375","0.00927734375","0.005859375","2280","0.0003005103811028723","32","0.0003005103811028723","0","0.0003005103811028723","0.0003005103811028723","141:0.0011865053799009206","141:68","141:0.0017463765088373273","Yes"
"141","302.2314266028351","146.1511092630762","0.008544921875","0.0146484375","0.00244140625","2280","0.00012235380400899766","32","0.00012235380400899766","0","0.00012235380400899766","0.00012235380400899766","140:0.0011865053799009206;142:0.009103081488853998","140:68;142:68","140:0.0017463765088373273;142:0.0013267114265758662","Yes"
"142","322.10726447007517","220.80723621367602","0.009033203125","0.0087890625","0.00927734375","2280","0.0002829834700296631","32","0.0002829834700296631","0","0.0002829834700296631","0.0002829834700296631","143:0.0018251891158935774;141:0.009103081488853998","143:68;141:68","143:0.008317562121104571;141:0.0013267114265758662","Yes"
"143","68.4617970185632","28.417715181798766","0.01123046875","0.017578125","0.0048828125","2280","0.0003437657873793771","32","0.0003437657873793771","0","0.0003437657873793771","0.0003437657873793771","142:0.0018251891158935774;144:0.0017932542893954462;136:0.0018249685989422115","142:68;144:68;136:68","142:0.008317562121104571;144:0.004285789548024277;136:0.003808180131467803","Yes"
"144","115.64714362854191","106.00165626646773","0.006591796875","0.00830078125","0.0048828125","2280","0.00021169771547720155","32","0.00021169771547720155","0","0.00021169771547720155","0.00021169771547720155","145:0.006252090291341411;143:0.0017932542893954462","145:68;143:68","145:0.009392955018027449;143:0.004285789548024277","Yes"
"145","258.9491981484788","114.43307619657907","0.0126953125","0.01123046875","0.01416015625","2280","0.0014312941555661102","32","0.0014312941555661102","0","0.0014312941555661102","0.0014312941555661102","144:0.006252090291341411","144:68;146:68","144:0.009392955018027449","Yes"
"146","","","0.4931640625","0.51513671875","0.47119140625","2280","","32","","0","","","","145:68;147:68","","Yes"
"147","394.3403564274859","80.27761136443888","0.005859375","0.00830078125","0.00341796875","2280","0.0011731347448507231","32","0.0011731347448507231","0","0.0011731347448507231","0.0011731347448507231","148:0.0025691118768919607;137:0.002513053650560454","148:68;137:68;146:68","148:0.002948386383785223;137:0.0026245072896401156","Yes"
"148","318.96164413313824","275.93248710728534","0.002685546875","0.00390625","0.00146484375","2280","0.00010347893639153171","32","0.00010347893639153171","0","0.00010347893639153171","0.00010347893639153171","147:0.0025691118768919607;149:0.0038117651897585925","147:68;149:68","147:0.002948386383785223;149:0.0062511039405668545","Yes"
"149","311.5630290473027","227.24817891165802","0.005859375","0.0087890625","0.0029296875","2280","0.00018619153885070626","32","0.00018619153885070626","0","0.00018619153885070626","0.00018619153885070626","150:0.002801630229963298;148:0.0038117651897585925","150:68;148:68","150:0.006527769323549343;148:0.0062511039405668545","Yes"
"150","279.05684376556854","330.12743650592506","0.01806640625","0.01611328125","0.02001953125","2280","0.0001675779043079805","32","0.0001675779043079805","0","0.0001675779043079805","0.0001675779043079805","149:0.002801630229963298;151:0.0017029333207900788","149:68;151:68","149:0.006527769323549343;151:0.0020421865601027434","Yes"
"151","360.2116050330162","265.3199599200412","0.0068359375","0.005859375","0.0078125","2280","0.00022172019086085808","32","0.00022172019086085808","0","0.00022172019086085808","0.00022172019086085808","138:0.0018385181227216774;152:0.0018020042594418806;150:0.0017029333207900788","138:68;152:68;150:68","138:0.0018521630667392985;152:0.0014830677302121453;150:0.0020421865601027434","Yes"
"152","252.94739619816224","77.98453726353503","0.005615234375","0.0078125","0.00341796875","2280","0.00018477177284060824","32","0.00018477177284060824","0","0.00018477177284060824","0.00018477177284060824","151:0.0018020042594418806;153:0.002786086782959468","151:68;153:68","151:0.0014830677302121453;153:0.002260817575934909","Yes"
"153","351.01569168932025","198.03221796705714","0.007080078125","0.00732421875","0.0068359375","2280","0.00017071965237679427","32","0.00017071965237679427","0","0.00017071965237679427","0.00017071965237679427","152:0.002786086782959468;154:0.0018526226694292602","152:68;154:68","152:0.002260817575934909;154:0.0020130907102424156","Yes"
"154","274.0348478630977","148.16745599115694","0.004150390625","0.00634765625","0.001953125","2280","0.00040243562700700494","32","0.00040243562700700494","0","0.00040243562700700494","0.00040243562700700494","153:0.0018526226694292602;155:0.002054431371846993","153:68;155:68","153:0.0020130907102424156;155:0.0027604637893862694","Yes"
"155","242.41554966451426","221.4454114153736","0.0087890625","0.0078125","0.009765625","2280","0.00012826330461676772","32","0.00012826330461676772","0","0.00012826330461676772","0.00012826330461676772","139:0.0012259552625026315;154:0.002054431371846993","139:68;154:68","139:0.002813532843298938;154:0.0027604637893862694","Yes"